-- phpMyAdmin SQL Dump
-- version 5.0.2
-- https://www.phpmyadmin.net/
--
-- Host: 127.0.0.1
-- Waktu pembuatan: 28 Agu 2022 pada 16.24
-- Versi server: 10.4.11-MariaDB
-- Versi PHP: 7.4.5

SET SQL_MODE = "NO_AUTO_VALUE_ON_ZERO";
START TRANSACTION;
SET time_zone = "+00:00";


/*!40101 SET @OLD_CHARACTER_SET_CLIENT=@@CHARACTER_SET_CLIENT */;
/*!40101 SET @OLD_CHARACTER_SET_RESULTS=@@CHARACTER_SET_RESULTS */;
/*!40101 SET @OLD_COLLATION_CONNECTION=@@COLLATION_CONNECTION */;
/*!40101 SET NAMES utf8mb4 */;

--
-- Database: `mtd_archive`
--

-- --------------------------------------------------------

--
-- Struktur dari tabel `failed_jobs`
--

CREATE TABLE `failed_jobs` (
  `id` bigint(20) UNSIGNED NOT NULL,
  `uuid` varchar(255) COLLATE utf8mb4_unicode_ci NOT NULL,
  `connection` text COLLATE utf8mb4_unicode_ci NOT NULL,
  `queue` text COLLATE utf8mb4_unicode_ci NOT NULL,
  `payload` longtext COLLATE utf8mb4_unicode_ci NOT NULL,
  `exception` longtext COLLATE utf8mb4_unicode_ci NOT NULL,
  `failed_at` timestamp NOT NULL DEFAULT current_timestamp()
) ENGINE=InnoDB DEFAULT CHARSET=utf8mb4 COLLATE=utf8mb4_unicode_ci;

-- --------------------------------------------------------

--
-- Struktur dari tabel `migrations`
--

CREATE TABLE `migrations` (
  `id` int(10) UNSIGNED NOT NULL,
  `migration` varchar(255) COLLATE utf8mb4_unicode_ci NOT NULL,
  `batch` int(11) NOT NULL
) ENGINE=InnoDB DEFAULT CHARSET=utf8mb4 COLLATE=utf8mb4_unicode_ci;

--
-- Dumping data untuk tabel `migrations`
--

INSERT INTO `migrations` (`id`, `migration`, `batch`) VALUES
(1, '2014_10_12_000000_create_users_table', 1),
(2, '2014_10_12_100000_create_password_resets_table', 1),
(3, '2019_08_19_000000_create_failed_jobs_table', 1),
(4, '2019_12_14_000001_create_personal_access_tokens_table', 1),
(5, '2022_06_17_150007_create_mst_user', 1),
(6, '2022_06_17_150008_create_stg_login', 1),
(7, '2022_06_17_150009_create_stg_main_menu', 1),
(8, '2022_06_17_150010_create_stg_menu', 1),
(9, '2022_06_17_150011_create_stg_submenu', 1),
(10, '2022_06_17_150012_create_mst_company', 1),
(11, '2022_06_17_150013_create_mst_letter_type', 1),
(12, '2022_06_17_150014_create_mst_letter_status', 1),
(13, '2022_06_17_150015_create_mst_department', 1);

-- --------------------------------------------------------

--
-- Struktur dari tabel `mst_company`
--

CREATE TABLE `mst_company` (
  `id` bigint(20) UNSIGNED NOT NULL,
  `code` varchar(255) COLLATE utf8mb4_unicode_ci NOT NULL,
  `name` varchar(255) COLLATE utf8mb4_unicode_ci NOT NULL,
  `disabled` tinyint(1) NOT NULL DEFAULT 0,
  `created_by` varchar(255) COLLATE utf8mb4_unicode_ci DEFAULT NULL,
  `created_at` datetime NOT NULL DEFAULT '2022-08-28 21:24:36',
  `updated_by` varchar(255) COLLATE utf8mb4_unicode_ci DEFAULT NULL,
  `updated_at` datetime DEFAULT NULL
) ENGINE=InnoDB DEFAULT CHARSET=utf8mb4 COLLATE=utf8mb4_unicode_ci;

--
-- Dumping data untuk tabel `mst_company`
--

INSERT INTO `mst_company` (`id`, `code`, `name`, `disabled`, `created_by`, `created_at`, `updated_by`, `updated_at`) VALUES
(1, 'PTAI', 'PT Tanah Air Indonesia', 0, 'Migrasi', '2022-08-28 21:24:37', NULL, '2022-08-28 21:24:37'),
(2, 'PGS', 'PT Garuda Sampoerna', 0, 'Migrasi', '2022-08-28 21:24:37', NULL, '2022-08-28 21:24:37'),
(3, 'CCMJ', 'CV Cipta Mangun Jaya', 0, 'Migrasi', '2022-08-28 21:24:37', NULL, '2022-08-28 21:24:37'),
(4, 'PAHI', 'PT Anak Halal Ihsan', 0, 'Migrasi', '2022-08-28 21:24:37', NULL, '2022-08-28 21:24:37'),
(5, 'PJWP', 'PT Jayabaya Wijaya Purbaya', 0, 'Migrasi', '2022-08-28 21:24:37', NULL, '2022-08-28 21:24:37');

-- --------------------------------------------------------

--
-- Struktur dari tabel `mst_department`
--

CREATE TABLE `mst_department` (
  `id` bigint(20) UNSIGNED NOT NULL,
  `code` varchar(255) COLLATE utf8mb4_unicode_ci DEFAULT NULL,
  `name` varchar(255) COLLATE utf8mb4_unicode_ci NOT NULL,
  `disabled` tinyint(1) NOT NULL DEFAULT 0,
  `created_by` varchar(255) COLLATE utf8mb4_unicode_ci DEFAULT NULL,
  `created_at` datetime NOT NULL DEFAULT '2022-08-28 21:24:36',
  `updated_by` varchar(255) COLLATE utf8mb4_unicode_ci DEFAULT NULL,
  `updated_at` datetime DEFAULT NULL
) ENGINE=InnoDB DEFAULT CHARSET=utf8mb4 COLLATE=utf8mb4_unicode_ci;

--
-- Dumping data untuk tabel `mst_department`
--

INSERT INTO `mst_department` (`id`, `code`, `name`, `disabled`, `created_by`, `created_at`, `updated_by`, `updated_at`) VALUES
(1, '10', 'KOMITE TENAGA KESEHATAN LAIN', 0, 'Migrasi', '2022-08-28 21:24:37', NULL, '2022-08-28 21:24:37'),
(2, '1000', 'DIREKTUR UTAMA', 0, 'Migrasi', '2022-08-28 21:24:37', NULL, '2022-08-28 21:24:37'),
(3, '1001', 'BPH RSIJ', 0, 'Migrasi', '2022-08-28 21:24:37', NULL, '2022-08-28 21:24:37'),
(4, '1002', 'KOMITE PPIRS', 0, 'Migrasi', '2022-08-28 21:24:37', NULL, '2022-08-28 21:24:37'),
(5, '1003', 'KETUA BPJS RSIJCP', 0, 'Migrasi', '2022-08-28 21:24:37', NULL, '2022-08-28 21:24:37'),
(6, '1004', 'DIR SDI / KETUA LAZISMU', 0, 'Migrasi', '2022-08-28 21:24:37', NULL, '2022-08-28 21:24:37'),
(7, '1004', 'TIM MDMC', 0, 'Migrasi', '2022-08-28 21:24:37', NULL, '2022-08-28 21:24:37'),
(8, '1005', 'KOMITE ETIK PENELITIAN', 0, 'Migrasi', '2022-08-28 21:24:37', NULL, '2022-08-28 21:24:37'),
(9, '1006', 'ADM KEPEGAWAIAN', 0, 'Migrasi', '2022-08-28 21:24:37', NULL, '2022-08-28 21:24:37'),
(10, '1008', 'POKJA TATA KELOLA DAN KEPEMIMPINAN', 0, 'Migrasi', '2022-08-28 21:24:37', NULL, '2022-08-28 21:24:37'),
(11, '1010', 'TIM PONEK', 0, 'Migrasi', '2022-08-28 21:24:37', NULL, '2022-08-28 21:24:37'),
(12, '1012', 'TIM FRAUD', 0, 'Migrasi', '2022-08-28 21:24:37', NULL, '2022-08-28 21:24:37'),
(13, '2000', 'DIREKTUR PELAYANAN & PENDIDIKAN MEDIK', 0, 'Migrasi', '2022-08-28 21:24:37', NULL, '2022-08-28 21:24:37'),
(14, '2000', 'DIREKTUR PELAYANAN KLINIK', 0, 'Migrasi', '2022-08-28 21:24:37', NULL, '2022-08-28 21:24:37'),
(15, '2001', 'ASISTEN DIREKTUR  MEDIS', 0, 'Migrasi', '2022-08-28 21:24:37', NULL, '2022-08-28 21:24:37'),
(16, '2002', 'MANAGER PELAYANAN PENUNJANG', 0, 'Migrasi', '2022-08-28 21:24:37', NULL, '2022-08-28 21:24:37'),
(17, '3000', 'DIREKTUR PENUNJANG ', 0, 'Migrasi', '2022-08-28 21:24:37', NULL, '2022-08-28 21:24:37'),
(18, '3000', 'DIREKTUR PENUNJANG KLINIK', 0, 'Migrasi', '2022-08-28 21:24:37', NULL, '2022-08-28 21:24:37'),
(19, '3000', 'DIREKTUR PENUNJANG MEDIK', 0, 'Migrasi', '2022-08-28 21:24:37', NULL, '2022-08-28 21:24:37'),
(20, '3001', 'MANAGER PENUNJANG', 0, 'Migrasi', '2022-08-28 21:24:37', NULL, '2022-08-28 21:24:37'),
(21, '4000', 'DIREKTUR KEUANGAN', 0, 'Migrasi', '2022-08-28 21:24:37', NULL, '2022-08-28 21:24:37'),
(22, '5000', 'DIREKTUR SDI', 0, 'Migrasi', '2022-08-28 21:24:37', NULL, '2022-08-28 21:24:37'),
(23, '5000', 'DIREKTUR SDI & BINDATRA', 0, 'Migrasi', '2022-08-28 21:24:37', NULL, '2022-08-28 21:24:37'),
(24, '5000', 'DIREKTUR SDI & BINROH', 0, 'Migrasi', '2022-08-28 21:24:37', NULL, '2022-08-28 21:24:37'),
(25, '6000', 'PELAMAR (TENAGA DOKTER)', 0, 'Migrasi', '2022-08-28 21:24:37', NULL, '2022-08-28 21:24:37'),
(26, '7000', 'TIM HIV', 0, 'Migrasi', '2022-08-28 21:24:37', NULL, '2022-08-28 21:24:37'),
(27, '7001', 'TIM KPRS', 0, 'Migrasi', '2022-08-28 21:24:37', NULL, '2022-08-28 21:24:37'),
(28, '7002', 'TIM TARIF', 0, 'Migrasi', '2022-08-28 21:24:37', NULL, '2022-08-28 21:24:37'),
(29, '7003', 'KOORDINATOR KEPANITRAAN FKK UMJ', 0, 'Migrasi', '2022-08-28 21:24:37', NULL, '2022-08-28 21:24:37'),
(30, '7004', 'KLUB DIABETES', 0, 'Migrasi', '2022-08-28 21:24:37', NULL, '2022-08-28 21:24:37'),
(31, '7005', 'PERINATAL RISIKO TINGGI', 0, 'Migrasi', '2022-08-28 21:24:37', NULL, '2022-08-28 21:24:37'),
(32, '7006', 'POKJA RS SAYANG IBU DAN BAYI', 0, 'Migrasi', '2022-08-28 21:24:37', NULL, '2022-08-28 21:24:37'),
(33, '7007', 'PANITIA FARMASI DAN TERAPI', 0, 'Migrasi', '2022-08-28 21:24:37', NULL, '2022-08-28 21:24:37'),
(34, '7008', 'TIM NEGOSIASI', 0, 'Migrasi', '2022-08-28 21:24:37', NULL, '2022-08-28 21:24:37'),
(35, '7009', 'PANITIA PENGENDALIAN INFEKSI', 0, 'Migrasi', '2022-08-28 21:24:37', NULL, '2022-08-28 21:24:37'),
(36, '7010', 'KLUB STROKE', 0, 'Migrasi', '2022-08-28 21:24:37', NULL, '2022-08-28 21:24:37'),
(37, '7011', 'TIM PENGADAAN, PENERIMAAN BARANG & JASA', 0, 'Migrasi', '2022-08-28 21:24:37', NULL, '2022-08-28 21:24:37'),
(38, '7012', 'PIMPRO GEDUNG MINA', 0, 'Migrasi', '2022-08-28 21:24:37', NULL, '2022-08-28 21:24:37'),
(39, '7013', 'PANITIA REKAM MEDIS', 0, 'Migrasi', '2022-08-28 21:24:37', NULL, '2022-08-28 21:24:37'),
(40, '7014', 'AUDIT MUTU INTERNAL', 0, 'Migrasi', '2022-08-28 21:24:37', NULL, '2022-08-28 21:24:37'),
(41, '7015', 'TIM MEDIS MILAD AKBAR MUHAMMADIYAH ALIANSI RSIJ', 0, 'Migrasi', '2022-08-28 21:24:37', NULL, '2022-08-28 21:24:37'),
(42, '7016', 'QUALITY MANAGEMENT REPRESENTATIVE (QMR)', 0, 'Migrasi', '2022-08-28 21:24:37', NULL, '2022-08-28 21:24:37'),
(43, '7017', 'TIM AHMA DAN IHMA 2012', 0, 'Migrasi', '2022-08-28 21:24:37', NULL, '2022-08-28 21:24:37'),
(44, '7018', 'TIM TB DOTS', 0, 'Migrasi', '2022-08-28 21:24:37', NULL, '2022-08-28 21:24:37'),
(45, '7019', 'TIM EMAS', 0, 'Migrasi', '2022-08-28 21:24:37', NULL, '2022-08-28 21:24:37'),
(46, '7020', 'TIM DHUAFA', 0, 'Migrasi', '2022-08-28 21:24:37', NULL, '2022-08-28 21:24:37'),
(47, '7021', 'TIM INA CBGS', 0, 'Migrasi', '2022-08-28 21:24:37', NULL, '2022-08-28 21:24:37'),
(48, '7022', 'TIM AFP', 0, 'Migrasi', '2022-08-28 21:24:37', NULL, '2022-08-28 21:24:37'),
(49, '7023', 'KLUB ASMA', 0, 'Migrasi', '2022-08-28 21:24:37', NULL, '2022-08-28 21:24:37'),
(50, '7703', 'TIM KEPANITERAAN', 0, 'Migrasi', '2022-08-28 21:24:37', NULL, '2022-08-28 21:24:37'),
(51, '8000', 'KA.SMF BEDAH', 0, 'Migrasi', '2022-08-28 21:24:37', NULL, '2022-08-28 21:24:37'),
(52, '8001', 'DR. ROCHIMIAH', 0, 'Migrasi', '2022-08-28 21:24:37', NULL, '2022-08-28 21:24:37'),
(53, '8002', 'KA. SMF ANESTESI', 0, 'Migrasi', '2022-08-28 21:24:37', NULL, '2022-08-28 21:24:37'),
(54, '8003', 'KA. SMF SYARAF', 0, 'Migrasi', '2022-08-28 21:24:37', NULL, '2022-08-28 21:24:37'),
(55, '8004', 'KA. SMF REHAB MEDIK', 0, 'Migrasi', '2022-08-28 21:24:37', NULL, '2022-08-28 21:24:37'),
(56, '8005', 'KA. SMF MATA', 0, 'Migrasi', '2022-08-28 21:24:37', NULL, '2022-08-28 21:24:37'),
(57, '8006', 'KA. SMF ANAK', 0, 'Migrasi', '2022-08-28 21:24:37', NULL, '2022-08-28 21:24:37'),
(58, '8007', 'KA.SMF UMUM', 0, 'Migrasi', '2022-08-28 21:24:37', NULL, '2022-08-28 21:24:37'),
(59, '8008', 'KA. SMF PENYAKIT DALAM', 0, 'Migrasi', '2022-08-28 21:24:37', NULL, '2022-08-28 21:24:37'),
(60, '8009', 'KA. SMF JIWA', 0, 'Migrasi', '2022-08-28 21:24:37', NULL, '2022-08-28 21:24:37'),
(61, '8010', 'KA SMF OBSGYN', 0, 'Migrasi', '2022-08-28 21:24:37', NULL, '2022-08-28 21:24:37'),
(62, '8011', 'KA. SMF KULIT & KELAMIN', 0, 'Migrasi', '2022-08-28 21:24:37', NULL, '2022-08-28 21:24:37'),
(63, '8012', 'KA SMF GIGI', 0, 'Migrasi', '2022-08-28 21:24:37', NULL, '2022-08-28 21:24:37'),
(64, '8013', 'KA. SMF JANTUNG', 0, 'Migrasi', '2022-08-28 21:24:37', NULL, '2022-08-28 21:24:37'),
(65, '8014', 'SMF', 0, 'Migrasi', '2022-08-28 21:24:37', NULL, '2022-08-28 21:24:37'),
(66, '8014', 'SMF GIZI', 0, 'Migrasi', '2022-08-28 21:24:37', NULL, '2022-08-28 21:24:37'),
(67, '9000', 'PPNI KOMISARIAT RSIJCP', 0, 'Migrasi', '2022-08-28 21:24:37', NULL, '2022-08-28 21:24:37'),
(68, '9000', 'TIM TARIF', 0, 'Migrasi', '2022-08-28 21:24:37', NULL, '2022-08-28 21:24:37'),
(69, '9001', '--', 0, 'Migrasi', '2022-08-28 21:24:37', NULL, '2022-08-28 21:24:37'),
(70, '9002', 'PANITIA IDUL ADHA', 0, 'Migrasi', '2022-08-28 21:24:37', NULL, '2022-08-28 21:24:37'),
(71, '9003', 'TIM ORKES', 0, 'Migrasi', '2022-08-28 21:24:37', NULL, '2022-08-28 21:24:37'),
(72, '9004', 'TIM LAYANAN KESEHATAN KELILING', 0, 'Migrasi', '2022-08-28 21:24:37', NULL, '2022-08-28 21:24:37'),
(73, '9005', 'PANITIA PELAKSANA PELATIHAN BAITUL ARQAM ALIANSI  ', 0, 'Migrasi', '2022-08-28 21:24:37', NULL, '2022-08-28 21:24:37'),
(74, '9006', 'PANITIA MILAD KE 44 RSIJCP', 0, 'Migrasi', '2022-08-28 21:24:37', NULL, '2022-08-28 21:24:37'),
(75, '9006', 'PANITIA MILAD KE 46 RSIJCP', 0, 'Migrasi', '2022-08-28 21:24:37', NULL, '2022-08-28 21:24:37'),
(76, '9006', 'PANITIA MILAD RSIJ CP', 0, 'Migrasi', '2022-08-28 21:24:37', NULL, '2022-08-28 21:24:37'),
(77, '9007', 'PANITIA PERESMIAN GEDUNG MINA', 0, 'Migrasi', '2022-08-28 21:24:37', NULL, '2022-08-28 21:24:37'),
(78, '9008', 'TIM KALENDER', 0, 'Migrasi', '2022-08-28 21:24:37', NULL, '2022-08-28 21:24:37'),
(79, '9009', 'TIM DMC', 0, 'Migrasi', '2022-08-28 21:24:37', NULL, '2022-08-28 21:24:37'),
(80, '9010', 'TIM PEMBANGUNAN GEDUNG MINA', 0, 'Migrasi', '2022-08-28 21:24:37', NULL, '2022-08-28 21:24:37'),
(81, '9011', 'TIM SERAGAM', 0, 'Migrasi', '2022-08-28 21:24:37', NULL, '2022-08-28 21:24:37'),
(82, '9012', 'TIM RME', 0, 'Migrasi', '2022-08-28 21:24:37', NULL, '2022-08-28 21:24:37'),
(83, '9013', 'PANITIA AKREDITASI', 0, 'Migrasi', '2022-08-28 21:24:37', NULL, '2022-08-28 21:24:37'),
(84, '9101', 'POLI ANAK I', 0, 'Migrasi', '2022-08-28 21:24:37', NULL, '2022-08-28 21:24:37'),
(85, '9102', 'POLI ANAK II', 0, 'Migrasi', '2022-08-28 21:24:37', NULL, '2022-08-28 21:24:37'),
(86, '9103', 'POLI BEDAH I', 0, 'Migrasi', '2022-08-28 21:24:37', NULL, '2022-08-28 21:24:37'),
(87, '9104', 'POLI PENYAKIT DALAM I', 0, 'Migrasi', '2022-08-28 21:24:37', NULL, '2022-08-28 21:24:37'),
(88, '9105', 'POLI PENYAKIT DALAM II', 0, 'Migrasi', '2022-08-28 21:24:37', NULL, '2022-08-28 21:24:37'),
(89, '9106', 'POLI DARAH & KANKER', 0, 'Migrasi', '2022-08-28 21:24:37', NULL, '2022-08-28 21:24:37'),
(90, '9107', 'POLI LAMBUNG & PENCERNAAN', 0, 'Migrasi', '2022-08-28 21:24:37', NULL, '2022-08-28 21:24:37'),
(91, '9108', 'POLI KEBIDANAN & KANDUNGAN I', 0, 'Migrasi', '2022-08-28 21:24:37', NULL, '2022-08-28 21:24:37'),
(92, '9109', 'POLI KEBIDANAN & KANDUNGAN II', 0, 'Migrasi', '2022-08-28 21:24:37', NULL, '2022-08-28 21:24:37'),
(93, '9110', 'P JANTUNG', 0, 'Migrasi', '2022-08-28 21:24:37', NULL, '2022-08-28 21:24:37'),
(94, '9110', 'POLI JANTUNG', 0, 'Migrasi', '2022-08-28 21:24:37', NULL, '2022-08-28 21:24:37'),
(95, '9111', 'POLI KULIT DAN KELAMIN', 0, 'Migrasi', '2022-08-28 21:24:37', NULL, '2022-08-28 21:24:37'),
(96, '9112', 'POLI MATA', 0, 'Migrasi', '2022-08-28 21:24:37', NULL, '2022-08-28 21:24:37'),
(97, '9113', 'POLI SYARAF', 0, 'Migrasi', '2022-08-28 21:24:37', NULL, '2022-08-28 21:24:37'),
(98, '9114', 'POLI JIWA', 0, 'Migrasi', '2022-08-28 21:24:37', NULL, '2022-08-28 21:24:37'),
(99, '9115', 'POLI PARU PARU', 0, 'Migrasi', '2022-08-28 21:24:37', NULL, '2022-08-28 21:24:37'),
(100, '9116', 'POLI T H T', 0, 'Migrasi', '2022-08-28 21:24:37', NULL, '2022-08-28 21:24:37'),
(101, '9117', 'POLI GIGI - MULUT', 0, 'Migrasi', '2022-08-28 21:24:37', NULL, '2022-08-28 21:24:37'),
(102, '9118', 'POLI UMUM', 0, 'Migrasi', '2022-08-28 21:24:37', NULL, '2022-08-28 21:24:37'),
(103, '9119', 'POLI PSIKOLOGI', 0, 'Migrasi', '2022-08-28 21:24:37', NULL, '2022-08-28 21:24:37'),
(104, '9120', 'POLI KOSMETIK', 0, 'Migrasi', '2022-08-28 21:24:37', NULL, '2022-08-28 21:24:37'),
(105, '9121', 'POLI DEMENSIA ALZHEIMER', 0, 'Migrasi', '2022-08-28 21:24:37', NULL, '2022-08-28 21:24:37'),
(106, '9122', 'POLI KONSULTASI GIZI', 0, 'Migrasi', '2022-08-28 21:24:37', NULL, '2022-08-28 21:24:37'),
(107, '9123', 'POLI KONSULTASI KELUARGA SAKINAH', 0, 'Migrasi', '2022-08-28 21:24:37', NULL, '2022-08-28 21:24:37'),
(108, '9124', 'POLI LAKTASI PENY. BUMIL & MENYUSUI', 0, 'Migrasi', '2022-08-28 21:24:37', NULL, '2022-08-28 21:24:37'),
(109, '9125', 'POLI AKUPUNKTUR', 0, 'Migrasi', '2022-08-28 21:24:37', NULL, '2022-08-28 21:24:37'),
(110, '9126', 'POLI INFORMASI DIABETES', 0, 'Migrasi', '2022-08-28 21:24:37', NULL, '2022-08-28 21:24:37'),
(111, '9127', 'POLI REHABILITASI MEDIK', 0, 'Migrasi', '2022-08-28 21:24:37', NULL, '2022-08-28 21:24:37'),
(112, '9128', 'POLI FISIOTERAPI', 0, 'Migrasi', '2022-08-28 21:24:37', NULL, '2022-08-28 21:24:37'),
(113, '9129', 'POLI KARYAWAN', 0, 'Migrasi', '2022-08-28 21:24:37', NULL, '2022-08-28 21:24:37'),
(114, '9130', 'POLI BEDAH II', 0, 'Migrasi', '2022-08-28 21:24:37', NULL, '2022-08-28 21:24:37'),
(115, '9130', 'POLI UROLOGI & ORTHOPAEDIE', 0, 'Migrasi', '2022-08-28 21:24:37', NULL, '2022-08-28 21:24:37'),
(116, '9131', 'KLINIK GIZI', 0, 'Migrasi', '2022-08-28 21:24:37', NULL, '2022-08-28 21:24:37'),
(117, '9132', 'KLINIK JIWA ', 0, 'Migrasi', '2022-08-28 21:24:37', NULL, '2022-08-28 21:24:37'),
(118, '9133', 'KLINIK PARU ', 0, 'Migrasi', '2022-08-28 21:24:37', NULL, '2022-08-28 21:24:37'),
(119, '9134', 'KLINIK GIGI I ', 0, 'Migrasi', '2022-08-28 21:24:37', NULL, '2022-08-28 21:24:37'),
(120, '9135', 'KLINIK GIGI II ', 0, 'Migrasi', '2022-08-28 21:24:37', NULL, '2022-08-28 21:24:37'),
(121, '9136', 'KLINIK THT I ', 0, 'Migrasi', '2022-08-28 21:24:37', NULL, '2022-08-28 21:24:37'),
(122, '9137', 'KLINIK THT II ', 0, 'Migrasi', '2022-08-28 21:24:37', NULL, '2022-08-28 21:24:37'),
(123, '9138', 'KLINIK MATA I ', 0, 'Migrasi', '2022-08-28 21:24:37', NULL, '2022-08-28 21:24:37'),
(124, '9139', 'KLINIK MATA II ', 0, 'Migrasi', '2022-08-28 21:24:37', NULL, '2022-08-28 21:24:37'),
(125, '9140', 'KLINIK NEUROLOGI ALAT ', 0, 'Migrasi', '2022-08-28 21:24:37', NULL, '2022-08-28 21:24:37'),
(126, '9141', 'KLINIK NEUROLOGI I ', 0, 'Migrasi', '2022-08-28 21:24:37', NULL, '2022-08-28 21:24:37'),
(127, '9142', 'KLINIK NEUROLOGI II ', 0, 'Migrasi', '2022-08-28 21:24:37', NULL, '2022-08-28 21:24:37'),
(128, '9143', 'KLINIK JANTUNG I ', 0, 'Migrasi', '2022-08-28 21:24:37', NULL, '2022-08-28 21:24:37'),
(129, '9144', 'KLINIK DALAM I ', 0, 'Migrasi', '2022-08-28 21:24:37', NULL, '2022-08-28 21:24:37'),
(130, '9145', 'MEDICAL CHECK UP', 0, 'Migrasi', '2022-08-28 21:24:37', NULL, '2022-08-28 21:24:37'),
(131, '9146', 'KLINIK BEDAH I ', 0, 'Migrasi', '2022-08-28 21:24:37', NULL, '2022-08-28 21:24:37'),
(132, '9147', 'KLINIK BEDAH II ', 0, 'Migrasi', '2022-08-28 21:24:37', NULL, '2022-08-28 21:24:37'),
(133, '9148', 'KLINIK AKUPUNTUR I ', 0, 'Migrasi', '2022-08-28 21:24:37', NULL, '2022-08-28 21:24:37'),
(134, '9149', 'KLINIK AKUPUNTUR II ', 0, 'Migrasi', '2022-08-28 21:24:37', NULL, '2022-08-28 21:24:37'),
(135, '9150', 'KLINIK DALAM III ', 0, 'Migrasi', '2022-08-28 21:24:37', NULL, '2022-08-28 21:24:37'),
(136, '9151', 'KLINIK JANTUNG II  ', 0, 'Migrasi', '2022-08-28 21:24:37', NULL, '2022-08-28 21:24:37'),
(137, '9152', 'KLINIK DALAM II ', 0, 'Migrasi', '2022-08-28 21:24:37', NULL, '2022-08-28 21:24:37'),
(138, '9153', 'KLINIK GIZI ', 0, 'Migrasi', '2022-08-28 21:24:37', NULL, '2022-08-28 21:24:37'),
(139, '9154', 'REHABILITASI MEDIK', 0, 'Migrasi', '2022-08-28 21:24:37', NULL, '2022-08-28 21:24:37'),
(140, '9155', 'KLINIK AUTIS II ', 0, 'Migrasi', '2022-08-28 21:24:37', NULL, '2022-08-28 21:24:37'),
(141, '9156', 'KLINIK KEBIDANAN I', 0, 'Migrasi', '2022-08-28 21:24:37', NULL, '2022-08-28 21:24:37'),
(142, '9157', 'KLINIK KEBIDANAN II', 0, 'Migrasi', '2022-08-28 21:24:37', NULL, '2022-08-28 21:24:37'),
(143, '9158', 'KLINIK ANAK I', 0, 'Migrasi', '2022-08-28 21:24:37', NULL, '2022-08-28 21:24:37'),
(144, '9159', 'KLINIK ANAK II', 0, 'Migrasi', '2022-08-28 21:24:37', NULL, '2022-08-28 21:24:37'),
(145, '9160', 'KLINIK LAKTASE', 0, 'Migrasi', '2022-08-28 21:24:37', NULL, '2022-08-28 21:24:37'),
(146, '9161', 'KLINIK PSIKOLOGI', 0, 'Migrasi', '2022-08-28 21:24:37', NULL, '2022-08-28 21:24:37'),
(147, '9162', 'KLINIK KECANTIKAN ', 0, 'Migrasi', '2022-08-28 21:24:37', NULL, '2022-08-28 21:24:37'),
(148, '9163', 'KLINIK KULIT & KELAMIN', 0, 'Migrasi', '2022-08-28 21:24:37', NULL, '2022-08-28 21:24:37'),
(149, '9164', 'KLINIK ANAK III', 0, 'Migrasi', '2022-08-28 21:24:37', NULL, '2022-08-28 21:24:37'),
(150, '9165', 'KLINIK UROLOGI', 0, 'Migrasi', '2022-08-28 21:24:37', NULL, '2022-08-28 21:24:37'),
(151, '9166', 'KLINIK ORTHOPEDI', 0, 'Migrasi', '2022-08-28 21:24:37', NULL, '2022-08-28 21:24:37'),
(152, '9167', 'KLINIK KEBIDANAN III', 0, 'Migrasi', '2022-08-28 21:24:37', NULL, '2022-08-28 21:24:37'),
(153, '9168', 'KLINIK KONSULTASI KEL.SAKINAH', 0, 'Migrasi', '2022-08-28 21:24:37', NULL, '2022-08-28 21:24:37'),
(154, '9169', 'BALKESMAS CIPINANG MUARA', 0, 'Migrasi', '2022-08-28 21:24:37', NULL, '2022-08-28 21:24:37'),
(155, '9170', 'KLINIK VAKSIN', 0, 'Migrasi', '2022-08-28 21:24:37', NULL, '2022-08-28 21:24:37'),
(156, '9171', 'KLINIK TRIAGE', 0, 'Migrasi', '2022-08-28 21:24:37', NULL, '2022-08-28 21:24:37'),
(157, '9172', 'POLI ENDOKRINOLOGI', 0, 'Migrasi', '2022-08-28 21:24:37', NULL, '2022-08-28 21:24:37'),
(158, '9173', 'POLI KEBIDANAN & KANDUNGAN III', 0, 'Migrasi', '2022-08-28 21:24:37', NULL, '2022-08-28 21:24:37'),
(159, '9174', 'RAWAT JALAN', 0, 'Migrasi', '2022-08-28 21:24:37', NULL, '2022-08-28 21:24:37'),
(160, '9177', 'KLINIK MUMUM', 0, 'Migrasi', '2022-08-28 21:24:37', NULL, '2022-08-28 21:24:37'),
(161, '9178', 'KLINIK KARYAWAN', 0, 'Migrasi', '2022-08-28 21:24:37', NULL, '2022-08-28 21:24:37'),
(162, '9179', 'KLINIK JIWA MMPI', 0, 'Migrasi', '2022-08-28 21:24:37', NULL, '2022-08-28 21:24:37'),
(163, '9180', 'KLINIK DOT', 0, 'Migrasi', '2022-08-28 21:24:37', NULL, '2022-08-28 21:24:37'),
(164, '9181', 'KLINIK MEMORY', 0, 'Migrasi', '2022-08-28 21:24:37', NULL, '2022-08-28 21:24:37'),
(165, '9210', 'FARMASI I - RAWAT JALAN', 0, 'Migrasi', '2022-08-28 21:24:37', NULL, '2022-08-28 21:24:37'),
(166, '9211', 'FARMASI II - RAWAT INAP', 0, 'Migrasi', '2022-08-28 21:24:37', NULL, '2022-08-28 21:24:37'),
(167, '9213', 'PELAYANAN UNIT', 0, 'Migrasi', '2022-08-28 21:24:37', NULL, '2022-08-28 21:24:37'),
(168, '9214', 'FARMASI RAUDAH', 0, 'Migrasi', '2022-08-28 21:24:37', NULL, '2022-08-28 21:24:37'),
(169, '9215', 'FARMASI PRODUKSI', 0, 'Migrasi', '2022-08-28 21:24:37', NULL, '2022-08-28 21:24:37'),
(170, '9216', 'FARMASI STERILISASI', 0, 'Migrasi', '2022-08-28 21:24:37', NULL, '2022-08-28 21:24:37'),
(171, '9217', 'DEPO OBAT/ALKES', 0, 'Migrasi', '2022-08-28 21:24:37', NULL, '2022-08-28 21:24:37'),
(172, '9310', 'MUZDALIFAH ATAS', 0, 'Migrasi', '2022-08-28 21:24:37', NULL, '2022-08-28 21:24:37'),
(173, '9311', 'MUZDALIFAH BAWAH', 0, 'Migrasi', '2022-08-28 21:24:37', NULL, '2022-08-28 21:24:37'),
(174, '9313', 'ARAFAH BAWAH', 0, 'Migrasi', '2022-08-28 21:24:37', NULL, '2022-08-28 21:24:37'),
(175, '9314', 'MULTAZAM BAWAH', 0, 'Migrasi', '2022-08-28 21:24:37', NULL, '2022-08-28 21:24:37'),
(176, '9315', 'AO', 0, 'Migrasi', '2022-08-28 21:24:37', NULL, '2022-08-28 21:24:37'),
(177, '9320', 'SHAFA SHAFA', 0, 'Migrasi', '2022-08-28 21:24:37', NULL, '2022-08-28 21:24:37'),
(178, '9321', 'ARAFAH ATAS', 0, 'Migrasi', '2022-08-28 21:24:37', NULL, '2022-08-28 21:24:37'),
(179, '9322', 'MULTAZAM ATAS', 0, 'Migrasi', '2022-08-28 21:24:37', NULL, '2022-08-28 21:24:37'),
(180, '9323', 'STROKE CENTER', 0, 'Migrasi', '2022-08-28 21:24:37', NULL, '2022-08-28 21:24:37'),
(181, '9331', 'MATAHARI DUA', 0, 'Migrasi', '2022-08-28 21:24:37', NULL, '2022-08-28 21:24:37'),
(182, '9332', 'MARWAH ATAS', 0, 'Migrasi', '2022-08-28 21:24:37', NULL, '2022-08-28 21:24:37'),
(183, '9333', 'MARWAH BAWAH', 0, 'Migrasi', '2022-08-28 21:24:37', NULL, '2022-08-28 21:24:37'),
(184, '9341', 'MELATI', 0, 'Migrasi', '2022-08-28 21:24:37', NULL, '2022-08-28 21:24:37'),
(185, '9342', 'SHAFA AN-NISA', 0, 'Migrasi', '2022-08-28 21:24:37', NULL, '2022-08-28 21:24:37'),
(186, '9350', 'ICU', 0, 'Migrasi', '2022-08-28 21:24:37', NULL, '2022-08-28 21:24:37'),
(187, '9351', 'PERINATOLOGI', 0, 'Migrasi', '2022-08-28 21:24:37', NULL, '2022-08-28 21:24:37'),
(188, '9352', 'HCU', 0, 'Migrasi', '2022-08-28 21:24:37', NULL, '2022-08-28 21:24:37'),
(189, '9353', 'BADAR ', 0, 'Migrasi', '2022-08-28 21:24:37', NULL, '2022-08-28 21:24:37'),
(190, '9354', 'ZAM - ZAM', 0, 'Migrasi', '2022-08-28 21:24:37', NULL, '2022-08-28 21:24:37'),
(191, '9355', 'ICCU', 0, 'Migrasi', '2022-08-28 21:24:37', NULL, '2022-08-28 21:24:37'),
(192, '9362', 'AS-SAKINAH', 0, 'Migrasi', '2022-08-28 21:24:37', NULL, '2022-08-28 21:24:37'),
(193, '9403', 'HEMODIALISA', 0, 'Migrasi', '2022-08-28 21:24:37', NULL, '2022-08-28 21:24:37'),
(194, '9404', 'LABORATORIUM KLINIK', 0, 'Migrasi', '2022-08-28 21:24:37', NULL, '2022-08-28 21:24:37'),
(195, '9405', 'PATOLOGI ANATOMI', 0, 'Migrasi', '2022-08-28 21:24:37', NULL, '2022-08-28 21:24:37'),
(196, '9406', 'BANK DARAH', 0, 'Migrasi', '2022-08-28 21:24:37', NULL, '2022-08-28 21:24:37'),
(197, '9407', 'RADIOLOGI', 0, 'Migrasi', '2022-08-28 21:24:37', NULL, '2022-08-28 21:24:37'),
(198, '9408', 'DIAGNOSTIK', 0, 'Migrasi', '2022-08-28 21:24:37', NULL, '2022-08-28 21:24:37'),
(199, '9410', 'KAMAR BEDAH', 0, 'Migrasi', '2022-08-28 21:24:37', NULL, '2022-08-28 21:24:37'),
(200, '9411', 'ANESTESI', 0, 'Migrasi', '2022-08-28 21:24:37', NULL, '2022-08-28 21:24:37'),
(201, '9412', 'VK (PERSALINAN)', 0, 'Migrasi', '2022-08-28 21:24:37', NULL, '2022-08-28 21:24:37'),
(202, '9413', 'INSTALASI GIZI', 0, 'Migrasi', '2022-08-28 21:24:37', NULL, '2022-08-28 21:24:37'),
(203, '9414', 'MEDICAL CHECK UP ', 0, 'Migrasi', '2022-08-28 21:24:37', NULL, '2022-08-28 21:24:37'),
(204, '9415', 'LABORATORIUM', 0, 'Migrasi', '2022-08-28 21:24:37', NULL, '2022-08-28 21:24:37'),
(205, '9415', 'MANAJER LABORATORIUM', 0, 'Migrasi', '2022-08-28 21:24:37', NULL, '2022-08-28 21:24:37'),
(206, '9416', 'RADIOLOGI  DIAGNOSTIK', 0, 'Migrasi', '2022-08-28 21:24:37', NULL, '2022-08-28 21:24:37'),
(207, '9416', 'RADIOLOGI & DIAGNOSTIK', 0, 'Migrasi', '2022-08-28 21:24:37', NULL, '2022-08-28 21:24:37'),
(208, '9422', 'RADIOLOGI RAUDAH', 0, 'Migrasi', '2022-08-28 21:24:37', NULL, '2022-08-28 21:24:37'),
(209, '9423', 'LABORATORIUM KLINIK RAUDAH', 0, 'Migrasi', '2022-08-28 21:24:37', NULL, '2022-08-28 21:24:37'),
(210, '9424', 'DIAGNOSTIK UJI MEDIK RAUDAH', 0, 'Migrasi', '2022-08-28 21:24:37', NULL, '2022-08-28 21:24:37'),
(211, '9425', 'REKAM MEDIS', 0, 'Migrasi', '2022-08-28 21:24:37', NULL, '2022-08-28 21:24:37'),
(212, '9450', 'HOME CARE', 0, 'Migrasi', '2022-08-28 21:24:37', NULL, '2022-08-28 21:24:37'),
(213, '9451', 'HOME SERVICE', 0, 'Migrasi', '2022-08-28 21:24:37', NULL, '2022-08-28 21:24:37'),
(214, '9452', 'PENUNJANG KLINIK GIGI RAUDHAH', 0, 'Migrasi', '2022-08-28 21:24:37', NULL, '2022-08-28 21:24:37'),
(215, '9454', 'ODC', 0, 'Migrasi', '2022-08-28 21:24:37', NULL, '2022-08-28 21:24:37'),
(216, '9456', 'DEPO KAMAR BEDAH', 0, 'Migrasi', '2022-08-28 21:24:37', NULL, '2022-08-28 21:24:37'),
(217, '9457', 'DEPO ANESTESI', 0, 'Migrasi', '2022-08-28 21:24:37', NULL, '2022-08-28 21:24:37'),
(218, '9459', 'REHABILITASI MEDIK', 0, 'Migrasi', '2022-08-28 21:24:37', NULL, '2022-08-28 21:24:37'),
(219, '9510', 'UNIT GAWAT DARURAT', 0, 'Migrasi', '2022-08-28 21:24:37', NULL, '2022-08-28 21:24:37'),
(220, '9520', 'KAMAR JENAZAH', 0, 'Migrasi', '2022-08-28 21:24:37', NULL, '2022-08-28 21:24:37'),
(221, '9530', 'NAFSUL MUTHMAINAH', 0, 'Migrasi', '2022-08-28 21:24:37', NULL, '2022-08-28 21:24:37'),
(222, '9540', 'KENDARAAN', 0, 'Migrasi', '2022-08-28 21:24:37', NULL, '2022-08-28 21:24:37'),
(223, '9610', 'INSTALASI DAPUR', 0, 'Migrasi', '2022-08-28 21:24:37', NULL, '2022-08-28 21:24:37'),
(224, '9611', 'SARANA FISIK', 0, 'Migrasi', '2022-08-28 21:24:37', NULL, '2022-08-28 21:24:37'),
(225, '9612', 'LAUNDRY', 0, 'Migrasi', '2022-08-28 21:24:37', NULL, '2022-08-28 21:24:37'),
(226, '9613', 'PREFENTIF SENAM', 0, 'Migrasi', '2022-08-28 21:24:37', NULL, '2022-08-28 21:24:37'),
(227, '9614', 'MANAGER AKUNTANSI', 0, 'Migrasi', '2022-08-28 21:24:37', NULL, '2022-08-28 21:24:37'),
(228, '9615', 'KESLING & LINEN', 0, 'Migrasi', '2022-08-28 21:24:37', NULL, '2022-08-28 21:24:37'),
(229, '9615', 'KESLING DAN LINEN', 0, 'Migrasi', '2022-08-28 21:24:37', NULL, '2022-08-28 21:24:37'),
(230, '9616', 'KEPALA SPI', 0, 'Migrasi', '2022-08-28 21:24:37', NULL, '2022-08-28 21:24:37'),
(231, '9616', 'SPI', 0, 'Migrasi', '2022-08-28 21:24:37', NULL, '2022-08-28 21:24:37'),
(232, '9617', 'HUMAS & LEGAL', 0, 'Migrasi', '2022-08-28 21:24:37', NULL, '2022-08-28 21:24:37'),
(233, '9617', 'KEPALA HUMAS & LEGAL', 0, 'Migrasi', '2022-08-28 21:24:37', NULL, '2022-08-28 21:24:37'),
(234, '9617', 'UNIT HUMAS & LEGAL', 0, 'Migrasi', '2022-08-28 21:24:37', NULL, '2022-08-28 21:24:37'),
(235, '9618', 'MANAGER SIRS', 0, 'Migrasi', '2022-08-28 21:24:37', NULL, '2022-08-28 21:24:37'),
(236, '9619', 'PENELITIAN & PENGEMBANGAN', 0, 'Migrasi', '2022-08-28 21:24:37', NULL, '2022-08-28 21:24:37'),
(237, '9619', 'PENGEMBANGAN ORGANISASI & MUTU', 0, 'Migrasi', '2022-08-28 21:24:37', NULL, '2022-08-28 21:24:37'),
(238, '9620', 'KOMITE MUTU MANAJEMEN RESIKO (KMMR)', 0, 'Migrasi', '2022-08-28 21:24:37', NULL, '2022-08-28 21:24:37'),
(239, '9620', 'MANAJEMEN RESIKO', 0, 'Migrasi', '2022-08-28 21:24:37', NULL, '2022-08-28 21:24:37'),
(240, '9620', 'MANAJEMEN RISIKO', 0, 'Migrasi', '2022-08-28 21:24:37', NULL, '2022-08-28 21:24:37'),
(241, '9621', 'KOMITE ETIK', 0, 'Migrasi', '2022-08-28 21:24:37', NULL, '2022-08-28 21:24:37'),
(242, '9622', 'KOMITE KLINIK', 0, 'Migrasi', '2022-08-28 21:24:37', NULL, '2022-08-28 21:24:37'),
(243, '9623', 'ASISTEN DIREKTUR KEPERAWATAN', 0, 'Migrasi', '2022-08-28 21:24:37', NULL, '2022-08-28 21:24:37'),
(244, '9623', 'GEN.MANAJER PEL.KEPERAWATAN', 0, 'Migrasi', '2022-08-28 21:24:37', NULL, '2022-08-28 21:24:37'),
(245, '9624', 'ASS. DIR. BID. MED. & PKL', 0, 'Migrasi', '2022-08-28 21:24:37', NULL, '2022-08-28 21:24:37'),
(246, '9625', 'BINKESMAS CIPINANG MUARA', 0, 'Migrasi', '2022-08-28 21:24:37', NULL, '2022-08-28 21:24:37'),
(247, '9626', 'URUSAN YANKESMAS', 0, 'Migrasi', '2022-08-28 21:24:37', NULL, '2022-08-28 21:24:37'),
(248, '9626', 'YANKESMAS', 0, 'Migrasi', '2022-08-28 21:24:37', NULL, '2022-08-28 21:24:37'),
(249, '9627', 'GIZI ', 0, 'Migrasi', '2022-08-28 21:24:37', NULL, '2022-08-28 21:24:37'),
(250, '9627', 'INSTALASI GIZI (MANAGER)', 0, 'Migrasi', '2022-08-28 21:24:37', NULL, '2022-08-28 21:24:37'),
(251, '9627', 'MANAGER GIZI ', 0, 'Migrasi', '2022-08-28 21:24:37', NULL, '2022-08-28 21:24:37'),
(252, '9628', 'MANAGER REKAM MEDIK', 0, 'Migrasi', '2022-08-28 21:24:37', NULL, '2022-08-28 21:24:37'),
(253, '9628', 'REKAM MEDIK', 0, 'Migrasi', '2022-08-28 21:24:37', NULL, '2022-08-28 21:24:37'),
(254, '9630', 'MANAGER PEMELIHARAAN & KESLING', 0, 'Migrasi', '2022-08-28 21:24:37', NULL, '2022-08-28 21:24:37'),
(255, '9630', 'MEKANIK & ELEKTRIK', 0, 'Migrasi', '2022-08-28 21:24:37', NULL, '2022-08-28 21:24:37'),
(256, '9630', 'MEKANIK ELEKTRIK', 0, 'Migrasi', '2022-08-28 21:24:37', NULL, '2022-08-28 21:24:37'),
(257, '9631', 'PEMELIHARAAN & KESLING', 0, 'Migrasi', '2022-08-28 21:24:37', NULL, '2022-08-28 21:24:37'),
(258, '9632', 'KA.SIE KESEHATAN LINGKUNGAN', 0, 'Migrasi', '2022-08-28 21:24:37', NULL, '2022-08-28 21:24:37'),
(259, '9632', 'KESEHATAN LINGKUNGAN', 0, 'Migrasi', '2022-08-28 21:24:37', NULL, '2022-08-28 21:24:37'),
(260, '9633', 'LOGISTIK', 0, 'Migrasi', '2022-08-28 21:24:37', NULL, '2022-08-28 21:24:37'),
(261, '9633', 'MANAGER LOGISTIK', 0, 'Migrasi', '2022-08-28 21:24:37', NULL, '2022-08-28 21:24:37'),
(262, '9634', 'LOGISTIK UMUM', 0, 'Migrasi', '2022-08-28 21:24:37', NULL, '2022-08-28 21:24:37'),
(263, '9635', 'LOGISTIK PERBEKES', 0, 'Migrasi', '2022-08-28 21:24:37', NULL, '2022-08-28 21:24:37'),
(264, '9636', 'BAGIAN PELAYANAN UMUM & PERKANTORAN', 0, 'Migrasi', '2022-08-28 21:24:37', NULL, '2022-08-28 21:24:37'),
(265, '9636', 'MANAGER PELAYANAN UMUM & LEGAL', 0, 'Migrasi', '2022-08-28 21:24:37', NULL, '2022-08-28 21:24:37'),
(266, '9636', 'MANAGER PELAYANAN UMUM & PERKANTORAN', 0, 'Migrasi', '2022-08-28 21:24:37', NULL, '2022-08-28 21:24:37'),
(267, '9636', 'PELAYANAN UMUM & PERKANTORAN', 0, 'Migrasi', '2022-08-28 21:24:37', NULL, '2022-08-28 21:24:37'),
(268, '9637', 'MANAGER PELAYANAN UMUM & PERKANTORAN', 0, 'Migrasi', '2022-08-28 21:24:37', NULL, '2022-08-28 21:24:37'),
(269, '9637', 'PELAYANAN UMUM', 0, 'Migrasi', '2022-08-28 21:24:37', NULL, '2022-08-28 21:24:37'),
(270, '9638', 'MANAJEMEN PERKANTORAN', 0, 'Migrasi', '2022-08-28 21:24:37', NULL, '2022-08-28 21:24:37'),
(271, '9639', 'MANAGER PEMASARAN', 0, 'Migrasi', '2022-08-28 21:24:37', NULL, '2022-08-28 21:24:37'),
(272, '9639', 'MANAJER PEMASARAN', 0, 'Migrasi', '2022-08-28 21:24:37', NULL, '2022-08-28 21:24:37'),
(273, '9639', 'PEMASARAN & PENCITRAAN', 0, 'Migrasi', '2022-08-28 21:24:37', NULL, '2022-08-28 21:24:37'),
(274, '9640', 'BAGIAN KEUANGAN', 0, 'Migrasi', '2022-08-28 21:24:37', NULL, '2022-08-28 21:24:37'),
(275, '9640', 'KEUANGAN', 0, 'Migrasi', '2022-08-28 21:24:37', NULL, '2022-08-28 21:24:37'),
(276, '9640', 'MANAGER KEUANGAN', 0, 'Migrasi', '2022-08-28 21:24:37', NULL, '2022-08-28 21:24:37'),
(277, '9641', 'ANGGARAN', 0, 'Migrasi', '2022-08-28 21:24:37', NULL, '2022-08-28 21:24:37'),
(278, '9641', 'KA.SIE AKUTANSI MANAJEMEN & ANGGARAN', 0, 'Migrasi', '2022-08-28 21:24:37', NULL, '2022-08-28 21:24:37'),
(279, '9641', 'KA.SIE ANGGARAN', 0, 'Migrasi', '2022-08-28 21:24:37', NULL, '2022-08-28 21:24:37'),
(280, '9642', 'ADMINISTRASI PASIEN', 0, 'Migrasi', '2022-08-28 21:24:37', NULL, '2022-08-28 21:24:37'),
(281, '9642', 'KA.SIE ADMINISTRASI PASIEN', 0, 'Migrasi', '2022-08-28 21:24:37', NULL, '2022-08-28 21:24:37'),
(282, '9643', 'KA.SIE PENAGIHAN', 0, 'Migrasi', '2022-08-28 21:24:37', NULL, '2022-08-28 21:24:37'),
(283, '9643', 'PENAGIHAN', 0, 'Migrasi', '2022-08-28 21:24:37', NULL, '2022-08-28 21:24:37'),
(284, '9644', 'KA.SIE PERBENDAHARAAN', 0, 'Migrasi', '2022-08-28 21:24:37', NULL, '2022-08-28 21:24:37'),
(285, '9644', 'PERBENDAHARAAN', 0, 'Migrasi', '2022-08-28 21:24:37', NULL, '2022-08-28 21:24:37'),
(286, '9645', 'AKUNTANSI', 0, 'Migrasi', '2022-08-28 21:24:37', NULL, '2022-08-28 21:24:37'),
(287, '9645', 'BAGIAN AKUNTANSI', 0, 'Migrasi', '2022-08-28 21:24:37', NULL, '2022-08-28 21:24:37'),
(288, '9646', 'KA.SIE VERIFIKASI', 0, 'Migrasi', '2022-08-28 21:24:37', NULL, '2022-08-28 21:24:37'),
(289, '9646', 'VERIFIKASI', 0, 'Migrasi', '2022-08-28 21:24:37', NULL, '2022-08-28 21:24:37'),
(290, '9647', 'LAP.KEUANGAN & PENGEND.ASSET', 0, 'Migrasi', '2022-08-28 21:24:37', NULL, '2022-08-28 21:24:37'),
(291, '9647', 'LAP.MANAJEMEN & ANALISA', 0, 'Migrasi', '2022-08-28 21:24:37', NULL, '2022-08-28 21:24:37'),
(292, '9648', 'MANAGER SDI', 0, 'Migrasi', '2022-08-28 21:24:37', NULL, '2022-08-28 21:24:37'),
(293, '9648', 'SUMBER DAYA INSANI', 0, 'Migrasi', '2022-08-28 21:24:37', NULL, '2022-08-28 21:24:37'),
(294, '9649', 'BAGIAN BINROH', 0, 'Migrasi', '2022-08-28 21:24:37', NULL, '2022-08-28 21:24:37'),
(295, '9649', 'MANAGER BINROH', 0, 'Migrasi', '2022-08-28 21:24:37', NULL, '2022-08-28 21:24:37'),
(296, '9649', 'PEMBINAAN ROHANI', 0, 'Migrasi', '2022-08-28 21:24:37', NULL, '2022-08-28 21:24:37'),
(297, '9650', 'KA.SIE PEMBINAAN AGAMA', 0, 'Migrasi', '2022-08-28 21:24:37', NULL, '2022-08-28 21:24:37'),
(298, '9650', 'PEMBINAAN AGAMA', 0, 'Migrasi', '2022-08-28 21:24:37', NULL, '2022-08-28 21:24:37'),
(299, '9651', 'KA.SIE NAFSUL MUTHMAINAH', 0, 'Migrasi', '2022-08-28 21:24:37', NULL, '2022-08-28 21:24:37'),
(300, '9651', 'NAFSUL MUTHMAINAH', 0, 'Migrasi', '2022-08-28 21:24:37', NULL, '2022-08-28 21:24:37'),
(301, '9652', 'EKSEKUTIF/RAUDHAH', 0, 'Migrasi', '2022-08-28 21:24:37', NULL, '2022-08-28 21:24:37'),
(302, '9652', 'URUSAN EKSEKUTIF/RAUDHAH', 0, 'Migrasi', '2022-08-28 21:24:37', NULL, '2022-08-28 21:24:37'),
(303, '9653', 'SARANA & PRASARANA RAODHAH', 0, 'Migrasi', '2022-08-28 21:24:37', NULL, '2022-08-28 21:24:37'),
(304, '9654', 'POLIKLINIK', 0, 'Migrasi', '2022-08-28 21:24:37', NULL, '2022-08-28 21:24:37'),
(305, '9654', 'URUSAN POLIKLINIK', 0, 'Migrasi', '2022-08-28 21:24:37', NULL, '2022-08-28 21:24:37'),
(306, '9655', 'MANAGER RANAP', 0, 'Migrasi', '2022-08-28 21:24:37', NULL, '2022-08-28 21:24:37'),
(307, '9655', 'RAWAT INAP', 0, 'Migrasi', '2022-08-28 21:24:37', NULL, '2022-08-28 21:24:37'),
(308, '9656', 'FARMASI & STERILISASI', 0, 'Migrasi', '2022-08-28 21:24:37', NULL, '2022-08-28 21:24:37'),
(309, '9657', 'KA.SIE RADIOLOGI', 0, 'Migrasi', '2022-08-28 21:24:37', NULL, '2022-08-28 21:24:37'),
(310, '9657', 'MANAGER RADIOLOGI & DIAGNOSTIK', 0, 'Migrasi', '2022-08-28 21:24:37', NULL, '2022-08-28 21:24:37'),
(311, '9657', 'RADIOLOGI', 0, 'Migrasi', '2022-08-28 21:24:37', NULL, '2022-08-28 21:24:37'),
(312, '9658', 'DIAGNOSTIK', 0, 'Migrasi', '2022-08-28 21:24:37', NULL, '2022-08-28 21:24:37'),
(313, '9658', 'KA.SIE DIAGNOSTIK', 0, 'Migrasi', '2022-08-28 21:24:37', NULL, '2022-08-28 21:24:37'),
(314, '9659', 'KA.SIE LAB.PATOLOGI ANATOMI', 0, 'Migrasi', '2022-08-28 21:24:37', NULL, '2022-08-28 21:24:37'),
(315, '9659', 'LAB.PATOLOGI ANATOMI', 0, 'Migrasi', '2022-08-28 21:24:37', NULL, '2022-08-28 21:24:37'),
(316, '9660', 'KA.SIE LAB.KLINIK & BANK DARAH', 0, 'Migrasi', '2022-08-28 21:24:37', NULL, '2022-08-28 21:24:37'),
(317, '9660', 'LAB.KLINIK & BANK DARAH', 0, 'Migrasi', '2022-08-28 21:24:37', NULL, '2022-08-28 21:24:37'),
(318, '9660', 'MANAGER LAB.KLINIK & BANK DARAH', 0, 'Migrasi', '2022-08-28 21:24:37', NULL, '2022-08-28 21:24:37'),
(319, '9661', 'KA.SIE PELAYANAN DARAH', 0, 'Migrasi', '2022-08-28 21:24:37', NULL, '2022-08-28 21:24:37'),
(320, '9661', 'PELAYANAN DARAH', 0, 'Migrasi', '2022-08-28 21:24:37', NULL, '2022-08-28 21:24:37'),
(321, '9662', 'FARMASI & STERILISASI', 0, 'Migrasi', '2022-08-28 21:24:37', NULL, '2022-08-28 21:24:37'),
(322, '9663', 'KA. SIE STERILISASI SENTRAL', 0, 'Migrasi', '2022-08-28 21:24:37', NULL, '2022-08-28 21:24:37'),
(323, '9663', 'STERILISASI SENTRAL', 0, 'Migrasi', '2022-08-28 21:24:37', NULL, '2022-08-28 21:24:37'),
(324, '9665', 'MANAGER PELAYANAN KHUSUS', 0, 'Migrasi', '2022-08-28 21:24:37', NULL, '2022-08-28 21:24:37'),
(325, '9665', 'MANAGER PELAYANAN MEDIS KHUSUS', 0, 'Migrasi', '2022-08-28 21:24:37', NULL, '2022-08-28 21:24:37'),
(326, '9666', 'KA.SIE.PELAYANAN KARYAWAN', 0, 'Migrasi', '2022-08-28 21:24:37', NULL, '2022-08-28 21:24:37'),
(327, '9666', 'PELAYANAN KARYAWAN', 0, 'Migrasi', '2022-08-28 21:24:37', NULL, '2022-08-28 21:24:37'),
(328, '9667', 'PENGEMBANGAN SDI', 0, 'Migrasi', '2022-08-28 21:24:37', NULL, '2022-08-28 21:24:37'),
(329, '9668', 'MANAGER PENDIDIKAN & PELATIHAN', 0, 'Migrasi', '2022-08-28 21:24:37', NULL, '2022-08-28 21:24:37'),
(330, '9668', 'PENDIDIKAN DAN PELATIHAN', 0, 'Migrasi', '2022-08-28 21:24:37', NULL, '2022-08-28 21:24:37'),
(331, '9669', 'MANAGER SISTEM INFORMASI KESEHATAN', 0, 'Migrasi', '2022-08-28 21:24:37', NULL, '2022-08-28 21:24:37'),
(332, '9669', 'PENGOLAHAN DATA & PELAPORAN', 0, 'Migrasi', '2022-08-28 21:24:37', NULL, '2022-08-28 21:24:37'),
(333, '9670', 'KEAMANAN', 0, 'Migrasi', '2022-08-28 21:24:37', NULL, '2022-08-28 21:24:37'),
(334, '9671', 'KA.SIE PELAYANAN PELANGGAN', 0, 'Migrasi', '2022-08-28 21:24:37', NULL, '2022-08-28 21:24:37'),
(335, '9671', 'PELAYANAN PELANGGAN', 0, 'Migrasi', '2022-08-28 21:24:37', NULL, '2022-08-28 21:24:37'),
(336, '9672', 'KA.SIE PENGEMBANGAN PASAR', 0, 'Migrasi', '2022-08-28 21:24:37', NULL, '2022-08-28 21:24:37'),
(337, '9672', 'PENGEMBANGAN PASAR', 0, 'Migrasi', '2022-08-28 21:24:37', NULL, '2022-08-28 21:24:37'),
(338, '9673', 'SIRS', 0, 'Migrasi', '2022-08-28 21:24:37', NULL, '2022-08-28 21:24:37'),
(339, '9674', 'KA. SIE SOFTWARE', 0, 'Migrasi', '2022-08-28 21:24:37', NULL, '2022-08-28 21:24:37'),
(340, '9674', 'PROGRAM', 0, 'Migrasi', '2022-08-28 21:24:37', NULL, '2022-08-28 21:24:37'),
(341, '9675', 'KA.SIE LAP.KEUANGAN & PENGEND.ASSET', 0, 'Migrasi', '2022-08-28 21:24:37', NULL, '2022-08-28 21:24:37'),
(342, '9675', 'KOMITTE KLINIK', 0, 'Migrasi', '2022-08-28 21:24:37', NULL, '2022-08-28 21:24:37'),
(343, '9675', 'LAP.KEUANGAN & PENGEND.ASSET', 0, 'Migrasi', '2022-08-28 21:24:37', NULL, '2022-08-28 21:24:37'),
(344, '9675', 'LAP.MANAJEMEN & ANALISA', 0, 'Migrasi', '2022-08-28 21:24:37', NULL, '2022-08-28 21:24:37'),
(345, '9676', 'KOMITE MEDIK', 0, 'Migrasi', '2022-08-28 21:24:37', NULL, '2022-08-28 21:24:37'),
(346, '9676', 'PIRS', 0, 'Migrasi', '2022-08-28 21:24:37', NULL, '2022-08-28 21:24:37'),
(347, '9677', 'K3', 0, 'Migrasi', '2022-08-28 21:24:37', NULL, '2022-08-28 21:24:37'),
(348, '9677', 'KOMITE KEPERAWATAN', 0, 'Migrasi', '2022-08-28 21:24:37', NULL, '2022-08-28 21:24:37'),
(349, '9678', 'KOORDINATOR ALIANSI', 0, 'Migrasi', '2022-08-28 21:24:37', NULL, '2022-08-28 21:24:37'),
(350, '9678', 'KPRS', 0, 'Migrasi', '2022-08-28 21:24:37', NULL, '2022-08-28 21:24:37'),
(351, '9679', 'MANAGER RAJAL', 0, 'Migrasi', '2022-08-28 21:24:37', NULL, '2022-08-28 21:24:37'),
(352, '9679', 'MUTU', 0, 'Migrasi', '2022-08-28 21:24:37', NULL, '2022-08-28 21:24:37'),
(353, '9680', 'ASDIR MED & PROFESI LAIN', 0, 'Migrasi', '2022-08-28 21:24:37', NULL, '2022-08-28 21:24:37'),
(354, '9680', 'KA.SIE REHABILITASI MEDIS', 0, 'Migrasi', '2022-08-28 21:24:37', NULL, '2022-08-28 21:24:37'),
(355, '9681', 'ASDIRKEPERAWATAN', 0, 'Migrasi', '2022-08-28 21:24:37', NULL, '2022-08-28 21:24:37'),
(356, '9681', 'KOMITE PENDIDIKAN', 0, 'Migrasi', '2022-08-28 21:24:37', NULL, '2022-08-28 21:24:37'),
(357, '9682', 'ALIANSI KEPERAWATAN', 0, 'Migrasi', '2022-08-28 21:24:37', NULL, '2022-08-28 21:24:37'),
(358, '9683', 'KOMITE AKREDITASI, ASESMEN PASIEN', 0, 'Migrasi', '2022-08-28 21:24:37', NULL, '2022-08-28 21:24:37'),
(359, '9683', 'PANITIA PPIRS', 0, 'Migrasi', '2022-08-28 21:24:37', NULL, '2022-08-28 21:24:37'),
(360, '9684', 'KOMITE PKRS', 0, 'Migrasi', '2022-08-28 21:24:37', NULL, '2022-08-28 21:24:37'),
(361, '9700', 'LAZISMU RSIJCP', 0, 'Migrasi', '2022-08-28 21:24:37', NULL, '2022-08-28 21:24:37'),
(362, '9701', 'REDAKSI MAJALAH SILATURRAHMI', 0, 'Migrasi', '2022-08-28 21:24:37', NULL, '2022-08-28 21:24:37'),
(363, '9702', 'TIM HEALTH TECHNOLOGY ASESMENT, HTA', 0, 'Migrasi', '2022-08-28 21:24:37', NULL, '2022-08-28 21:24:37'),
(364, '9710', 'KASIR POLI', 0, 'Migrasi', '2022-08-28 21:24:37', NULL, '2022-08-28 21:24:37'),
(365, '9720', 'KASIR PERAWATAN', 0, 'Migrasi', '2022-08-28 21:24:37', NULL, '2022-08-28 21:24:37'),
(366, '9730', 'BILLING PASIEN JAMINAN', 0, 'Migrasi', '2022-08-28 21:24:37', NULL, '2022-08-28 21:24:37'),
(367, '9801', 'DRA. HJ. SUDARYANTI S. PSI.,PSI', 0, 'Migrasi', '2022-08-28 21:24:37', NULL, '2022-08-28 21:24:37'),
(368, '9802', 'DR. SAMINO, SP.S (K)', 0, 'Migrasi', '2022-08-28 21:24:37', NULL, '2022-08-28 21:24:37'),
(369, '9803', 'DR. PUDJI RAHARDJO, SPPD-KGH', 0, 'Migrasi', '2022-08-28 21:24:37', NULL, '2022-08-28 21:24:37'),
(370, '9804', 'DR. OMMY', 0, 'Migrasi', '2022-08-28 21:24:37', NULL, '2022-08-28 21:24:37'),
(371, '9805', 'DR. BARITA S SITOMPUL SPJP', 0, 'Migrasi', '2022-08-28 21:24:37', NULL, '2022-08-28 21:24:37'),
(372, '9806', 'TIM PENGGERAK ANTI ROKOK', 0, 'Migrasi', '2022-08-28 21:24:37', NULL, '2022-08-28 21:24:37'),
(373, '9807', 'KOPERASI SEJAHTERA RSIJ', 0, 'Migrasi', '2022-08-28 21:24:37', NULL, '2022-08-28 21:24:37'),
(374, '9808', 'DR. INDRA BUDI PERKASA', 0, 'Migrasi', '2022-08-28 21:24:37', NULL, '2022-08-28 21:24:37'),
(375, '9809', 'BAKORDIK (BADAN KOORD. PENDIDIKAN)', 0, 'Migrasi', '2022-08-28 21:24:37', NULL, '2022-08-28 21:24:37'),
(376, '9810', 'KA. SMF PARU', 0, 'Migrasi', '2022-08-28 21:24:37', NULL, '2022-08-28 21:24:37'),
(377, '9811', 'KLUB SENAM JANTUNG SEHAT', 0, 'Migrasi', '2022-08-28 21:24:37', NULL, '2022-08-28 21:24:37'),
(378, '9812', 'DR. SITI KOMARIAH', 0, 'Migrasi', '2022-08-28 21:24:37', NULL, '2022-08-28 21:24:37'),
(379, '9813', 'KOORDINATOR SENAM OSTEOPOROSIS', 0, 'Migrasi', '2022-08-28 21:24:37', NULL, '2022-08-28 21:24:37'),
(380, '9814', 'TIM BPJS RSIJCP', 0, 'Migrasi', '2022-08-28 21:24:37', NULL, '2022-08-28 21:24:37'),
(381, '9815', 'TIM PSHC', 0, 'Migrasi', '2022-08-28 21:24:37', NULL, '2022-08-28 21:24:37'),
(382, '9816', 'TIM PENYUSUN MEMORI JABATAN', 0, 'Migrasi', '2022-08-28 21:24:37', NULL, '2022-08-28 21:24:37'),
(383, '9817', 'PANITIA  RAMADHAN & IDUL FITRI', 0, 'Migrasi', '2022-08-28 21:24:37', NULL, '2022-08-28 21:24:37'),
(384, '9818', 'UNIT HEMODIALISA', 0, 'Migrasi', '2022-08-28 21:24:37', NULL, '2022-08-28 21:24:37'),
(385, '9819', 'TIM KLINIK PRATAMA  CIP. MUARA', 0, 'Migrasi', '2022-08-28 21:24:37', NULL, '2022-08-28 21:24:37'),
(386, '9820', 'KA. SMF KEBIDANAN', 0, 'Migrasi', '2022-08-28 21:24:37', NULL, '2022-08-28 21:24:37'),
(387, '9821', 'TIM PERSI AWARD - IHMA', 0, 'Migrasi', '2022-08-28 21:24:37', NULL, '2022-08-28 21:24:37'),
(388, '9822', 'MANAJEMEN MUTU ', 0, 'Migrasi', '2022-08-28 21:24:37', NULL, '2022-08-28 21:24:37'),
(389, '9823', 'DR. RIFQI FADLY. A', 0, 'Migrasi', '2022-08-28 21:24:37', NULL, '2022-08-28 21:24:37'),
(390, '9824', 'TIM IPCN', 0, 'Migrasi', '2022-08-28 21:24:37', NULL, '2022-08-28 21:24:37'),
(391, '9825', 'TIM LAYANAN TERPADU ISLAMI', 0, 'Migrasi', '2022-08-28 21:24:37', NULL, '2022-08-28 21:24:37'),
(392, '9826', 'PROP.DR H. MUCHLIS RAMLI, SPBG', 0, 'Migrasi', '2022-08-28 21:24:37', NULL, '2022-08-28 21:24:37'),
(393, '9827', 'DR. ANDOKO BUDIWISESA', 0, 'Migrasi', '2022-08-28 21:24:37', NULL, '2022-08-28 21:24:37'),
(394, '9828', 'RATNO HARIYANTO', 0, 'Migrasi', '2022-08-28 21:24:37', NULL, '2022-08-28 21:24:37'),
(395, '9829', 'KASIE. NAFSUL MUTMAINNAH', 0, 'Migrasi', '2022-08-28 21:24:37', NULL, '2022-08-28 21:24:37'),
(396, '9830', 'DR. KUSPUDJI DWITANTO R, SP.PD', 0, 'Migrasi', '2022-08-28 21:24:37', NULL, '2022-08-28 21:24:37'),
(397, '9831', 'DR. RIBKHI AMALIA PUTRI', 0, 'Migrasi', '2022-08-28 21:24:37', NULL, '2022-08-28 21:24:37'),
(398, '9832', 'KOORD. SENAM ASMA', 0, 'Migrasi', '2022-08-28 21:24:37', NULL, '2022-08-28 21:24:37'),
(399, '9833', 'DR. YIN NANI', 0, 'Migrasi', '2022-08-28 21:24:37', NULL, '2022-08-28 21:24:37'),
(400, '9834', 'UNIT GAWAT DARURAT', 0, 'Migrasi', '2022-08-28 21:24:37', NULL, '2022-08-28 21:24:37'),
(401, '9835', 'DR. KUSDIANTOMO', 0, 'Migrasi', '2022-08-28 21:24:37', NULL, '2022-08-28 21:24:37'),
(402, '9836', 'KA UNIT SHAFA-SHAFA', 0, 'Migrasi', '2022-08-28 21:24:37', NULL, '2022-08-28 21:24:37'),
(403, '9837', 'DR. DIANI KARTINI, SPB(K) ONK', 0, 'Migrasi', '2022-08-28 21:24:37', NULL, '2022-08-28 21:24:37'),
(404, '9838', 'DR. ADITYA, SP.B.BP', 0, 'Migrasi', '2022-08-28 21:24:37', NULL, '2022-08-28 21:24:37'),
(405, '9839', 'MEDICAL CHECK UP', 0, 'Migrasi', '2022-08-28 21:24:37', NULL, '2022-08-28 21:24:37'),
(406, '9840', 'TIM LELANG & PEMUSNAHAN ARSIP', 0, 'Migrasi', '2022-08-28 21:24:37', NULL, '2022-08-28 21:24:37'),
(407, '9841', 'AMI', 0, 'Migrasi', '2022-08-28 21:24:37', NULL, '2022-08-28 21:24:37'),
(408, '9842', 'DR. EKA MUSRIDHARTA, SPS KIC', 0, 'Migrasi', '2022-08-28 21:24:37', NULL, '2022-08-28 21:24:37'),
(409, '9843', 'SMF. THT', 0, 'Migrasi', '2022-08-28 21:24:37', NULL, '2022-08-28 21:24:37'),
(410, '9844', 'DR. DESIANA, SPA', 0, 'Migrasi', '2022-08-28 21:24:37', NULL, '2022-08-28 21:24:37'),
(411, '9845', 'KOMITE ETIK', 0, 'Migrasi', '2022-08-28 21:24:37', NULL, '2022-08-28 21:24:37'),
(412, '9846', 'DR. BETY SEMARA LAKHSMI', 0, 'Migrasi', '2022-08-28 21:24:37', NULL, '2022-08-28 21:24:37'),
(413, '9847', 'DR. DIANIATI K SUTOYO, SP.P(K)', 0, 'Migrasi', '2022-08-28 21:24:37', NULL, '2022-08-28 21:24:37'),
(414, '9848', 'PRIBADI (                                        )', 0, 'Migrasi', '2022-08-28 21:24:37', NULL, '2022-08-28 21:24:37'),
(415, '9849', 'DR. ERLINA BURHAN, MSC, SP.P', 0, 'Migrasi', '2022-08-28 21:24:37', NULL, '2022-08-28 21:24:37'),
(416, '9850', 'DR. NURUL AKBAR', 0, 'Migrasi', '2022-08-28 21:24:37', NULL, '2022-08-28 21:24:37'),
(417, '9851', 'POKJA  PPIRS', 0, 'Migrasi', '2022-08-28 21:24:37', NULL, '2022-08-28 21:24:37'),
(418, '9852', 'POKJA PENDIDIKAN PASIEN DAN KELUARGA', 0, 'Migrasi', '2022-08-28 21:24:37', NULL, '2022-08-28 21:24:37'),
(419, '9853', 'TIM PEMBANGUNAN PUSDIKLAT', 0, 'Migrasi', '2022-08-28 21:24:37', NULL, '2022-08-28 21:24:37'),
(420, '9854', 'DR. CHADIJAH', 0, 'Migrasi', '2022-08-28 21:24:37', NULL, '2022-08-28 21:24:37'),
(421, '9855', 'DR. M. FAHMI, SP.P', 0, 'Migrasi', '2022-08-28 21:24:37', NULL, '2022-08-28 21:24:37'),
(422, '9856', 'TIM PENDAMPINGAN', 0, 'Migrasi', '2022-08-28 21:24:37', NULL, '2022-08-28 21:24:37'),
(423, '9857', 'DR. IHSAN OESMAN, SP.OT', 0, 'Migrasi', '2022-08-28 21:24:37', NULL, '2022-08-28 21:24:37'),
(424, '9858', 'DR. H.M. THAMRIN, SP.PD', 0, 'Migrasi', '2022-08-28 21:24:37', NULL, '2022-08-28 21:24:37'),
(425, '9859', 'DR. EDDY PURWANTA', 0, 'Migrasi', '2022-08-28 21:24:37', NULL, '2022-08-28 21:24:37'),
(426, '9860', 'DR. ARIEF HAKIKI, SP.PD', 0, 'Migrasi', '2022-08-28 21:24:37', NULL, '2022-08-28 21:24:37'),
(427, '9861', 'DR. SUSILAWATI IRIANA', 0, 'Migrasi', '2022-08-28 21:24:37', NULL, '2022-08-28 21:24:37'),
(428, '9862', 'PROMKES', 0, 'Migrasi', '2022-08-28 21:24:37', NULL, '2022-08-28 21:24:37'),
(429, '9863', 'DR. DION OSCAR ISKANDAR, SP M', 0, 'Migrasi', '2022-08-28 21:24:37', NULL, '2022-08-28 21:24:37'),
(430, '9864', 'TIM MELATI', 0, 'Migrasi', '2022-08-28 21:24:37', NULL, '2022-08-28 21:24:37'),
(431, '9865', 'DR. SURYONO WOBOWO, SP.A', 0, 'Migrasi', '2022-08-28 21:24:37', NULL, '2022-08-28 21:24:37'),
(432, '9866', 'DR. MUCHLIS RAMLI, SP.B.K', 0, 'Migrasi', '2022-08-28 21:24:37', NULL, '2022-08-28 21:24:37'),
(433, '9867', 'DR. KAKA RENALDI, SP.PD', 0, 'Migrasi', '2022-08-28 21:24:37', NULL, '2022-08-28 21:24:37'),
(434, '9868', 'DRG. AYU AMBARSARI SP.PROS', 0, 'Migrasi', '2022-08-28 21:24:37', NULL, '2022-08-28 21:24:37'),
(435, '9870', 'TIM KLINIS', 0, 'Migrasi', '2022-08-28 21:24:37', NULL, '2022-08-28 21:24:37'),
(436, '9871', 'DR. WIDYORINI HANAFI, SP.OG', 0, 'Migrasi', '2022-08-28 21:24:37', NULL, '2022-08-28 21:24:37'),
(437, '9872', 'DR. TAZKIROH, SP.OG', 0, 'Migrasi', '2022-08-28 21:24:37', NULL, '2022-08-28 21:24:37'),
(438, '9873', 'PROF. DR. ZAINUL A DJAFAR, SP. THT (K)', 0, 'Migrasi', '2022-08-28 21:24:37', NULL, '2022-08-28 21:24:37'),
(439, '9874', 'STAFF ASDIRMED', 0, 'Migrasi', '2022-08-28 21:24:37', NULL, '2022-08-28 21:24:37'),
(440, '9875', 'CASE MANAGER', 0, 'Migrasi', '2022-08-28 21:24:37', NULL, '2022-08-28 21:24:37'),
(441, '9876', 'DR. AGOENG PRAYITNO.SP.AKP', 0, 'Migrasi', '2022-08-28 21:24:37', NULL, '2022-08-28 21:24:37'),
(442, '9877', 'DR. AYU DIAH KESUMA PS, SP.SP', 0, 'Migrasi', '2022-08-28 21:24:37', NULL, '2022-08-28 21:24:37'),
(443, '9878', 'DR. EFFEK ALAMSYAH, SPA. MPH', 0, 'Migrasi', '2022-08-28 21:24:37', NULL, '2022-08-28 21:24:37'),
(444, '9879', 'BAB PENINGKATAN MUTU DAN KESELAMATAN PASIN (PMKP)', 0, 'Migrasi', '2022-08-28 21:24:37', NULL, '2022-08-28 21:24:37'),
(445, '9880', 'KOMITE AKREDITASI', 0, 'Migrasi', '2022-08-28 21:24:37', NULL, '2022-08-28 21:24:37'),
(446, '9881', 'POKJA PELAYANAN PASIEN', 0, 'Migrasi', '2022-08-28 21:24:37', NULL, '2022-08-28 21:24:37'),
(447, '9882', 'SERIKAT PEKERJA FARKES REFORMASI RSIJ CP', 0, 'Migrasi', '2022-08-28 21:24:37', NULL, '2022-08-28 21:24:37'),
(448, '9883', 'TIM TATAKELOLA PUSDIKLAT', 0, 'Migrasi', '2022-08-28 21:24:37', NULL, '2022-08-28 21:24:37'),
(449, '9884', 'POKJA TB', 0, 'Migrasi', '2022-08-28 21:24:37', NULL, '2022-08-28 21:24:37'),
(450, '9885', 'TIM KEADAAN DARURAT', 0, 'Migrasi', '2022-08-28 21:24:37', NULL, '2022-08-28 21:24:37'),
(451, '9886', 'TIM COSTING', 0, 'Migrasi', '2022-08-28 21:24:37', NULL, '2022-08-28 21:24:37'),
(452, '9887', 'POKJA MANAJEMEN KOMUNIKASI INFORMASI', 0, 'Migrasi', '2022-08-28 21:24:37', NULL, '2022-08-28 21:24:37'),
(453, '9888', 'POKJA KUALIFIKASI DAN PENDIDIKAN STAF ', 0, 'Migrasi', '2022-08-28 21:24:37', NULL, '2022-08-28 21:24:37'),
(454, '9889', 'TIM SOSIAL MEDIS', 0, 'Migrasi', '2022-08-28 21:24:37', NULL, '2022-08-28 21:24:37'),
(455, '9890', 'KARU FISIOTERAPI', 0, 'Migrasi', '2022-08-28 21:24:37', NULL, '2022-08-28 21:24:37'),
(456, '9891', 'KARU FOKUPASI TERAPI', 0, 'Migrasi', '2022-08-28 21:24:37', NULL, '2022-08-28 21:24:37'),
(457, '9892', 'POKJA SASARAN KESELAMATAN PASIEN (SKP)', 0, 'Migrasi', '2022-08-28 21:24:37', NULL, '2022-08-28 21:24:37'),
(458, '9893', 'TIM BLUE KODE', 0, 'Migrasi', '2022-08-28 21:24:37', NULL, '2022-08-28 21:24:37'),
(459, '9894', 'BAB - HAK PASIEN DAN KELUARGA', 0, 'Migrasi', '2022-08-28 21:24:37', NULL, '2022-08-28 21:24:37'),
(460, '9895', 'POKJA MANAJEMEN DAN PENGGUNAAN OBAT (MPO)', 0, 'Migrasi', '2022-08-28 21:24:37', NULL, '2022-08-28 21:24:37'),
(461, '9896', 'POKJA  PELAYANAN ANESTESI DAN BEDAH', 0, 'Migrasi', '2022-08-28 21:24:37', NULL, '2022-08-28 21:24:37'),
(462, '9897', 'MANAJEMEN FASILITAS KESEHATAN', 0, 'Migrasi', '2022-08-28 21:24:37', NULL, '2022-08-28 21:24:37'),
(463, '9901', 'GUDANG OBAT & ALKES', 0, 'Migrasi', '2022-08-28 21:24:37', NULL, '2022-08-28 21:24:37'),
(464, '9902', 'GUDANG UMUM', 0, 'Migrasi', '2022-08-28 21:24:37', NULL, '2022-08-28 21:24:37'),
(465, '9903', 'GUDANG GIZI', 0, 'Migrasi', '2022-08-28 21:24:37', NULL, '2022-08-28 21:24:37'),
(466, '9904', 'QMR', 0, 'Migrasi', '2022-08-28 21:24:37', NULL, '2022-08-28 21:24:37'),
(467, '9928', 'TIM CLINICAL PATHWAY RSIJCP', 0, 'Migrasi', '2022-08-28 21:24:37', NULL, '2022-08-28 21:24:37'),
(468, '9929', 'TIM SERAH TERIMA DIREKSI ', 0, 'Migrasi', '2022-08-28 21:24:37', NULL, '2022-08-28 21:24:37'),
(469, '9930', 'PROF. DR. SAUKANI GUMAY, SP.PA (K)', 0, 'Migrasi', '2022-08-28 21:24:37', NULL, '2022-08-28 21:24:37'),
(470, '9931', 'TIM RENOVASI GEDUNG EKS SHAFA - SHAFA', 0, 'Migrasi', '2022-08-28 21:24:37', NULL, '2022-08-28 21:24:37'),
(471, '9931', 'TIM RENOVASI GEDUNG EKS SHAFA-SHAFA', 0, 'Migrasi', '2022-08-28 21:24:37', NULL, '2022-08-28 21:24:37'),
(472, '9932', 'DR. YARMAN MAZNI, SPB-KBD', 0, 'Migrasi', '2022-08-28 21:24:37', NULL, '2022-08-28 21:24:37'),
(473, '9933', 'TIM ALIANSI SDI, BINROH & PEMASARAN', 0, 'Migrasi', '2022-08-28 21:24:37', NULL, '2022-08-28 21:24:37'),
(474, '9936', 'POKJA MDGS', 0, 'Migrasi', '2022-08-28 21:24:37', NULL, '2022-08-28 21:24:37'),
(475, '9937', 'POKJA MANAJEMEN FASILITAS DAN KESELAMATAN (MFK)', 0, 'Migrasi', '2022-08-28 21:24:37', NULL, '2022-08-28 21:24:37'),
(476, '9938', 'POKJA ASESMEN PASIEN', 0, 'Migrasi', '2022-08-28 21:24:37', NULL, '2022-08-28 21:24:37'),
(477, '9939', 'POKJA AKSES PELAYANAN DAN KONTINUITAS (APK)', 0, 'Migrasi', '2022-08-28 21:24:37', NULL, '2022-08-28 21:24:37'),
(478, '9940', 'TIM TATA KELOLA GD.PUSDIKLAT ', 0, 'Migrasi', '2022-08-28 21:24:37', NULL, '2022-08-28 21:24:37'),
(479, 'TIM', 'TIM RENOVASI GEDUNG EKS SHAFA - SHAFA', 0, 'Migrasi', '2022-08-28 21:24:37', NULL, '2022-08-28 21:24:37');

-- --------------------------------------------------------

--
-- Struktur dari tabel `mst_letter_status`
--

CREATE TABLE `mst_letter_status` (
  `id` bigint(20) UNSIGNED NOT NULL,
  `name` varchar(255) COLLATE utf8mb4_unicode_ci NOT NULL,
  `disabled` tinyint(1) NOT NULL DEFAULT 0,
  `created_by` varchar(255) COLLATE utf8mb4_unicode_ci DEFAULT NULL,
  `created_at` datetime NOT NULL DEFAULT '2022-08-28 21:24:36',
  `updated_by` varchar(255) COLLATE utf8mb4_unicode_ci DEFAULT NULL,
  `updated_at` datetime DEFAULT NULL
) ENGINE=InnoDB DEFAULT CHARSET=utf8mb4 COLLATE=utf8mb4_unicode_ci;

--
-- Dumping data untuk tabel `mst_letter_status`
--

INSERT INTO `mst_letter_status` (`id`, `name`, `disabled`, `created_by`, `created_at`, `updated_by`, `updated_at`) VALUES
(1, 'Ditutup', 0, 'Migrasi', '2022-08-28 21:24:38', NULL, '2022-08-28 21:24:38'),
(2, 'Distribusi', 0, 'Migrasi', '2022-08-28 21:24:38', NULL, '2022-08-28 21:24:38'),
(3, 'Dibuka', 0, 'Migrasi', '2022-08-28 21:24:38', NULL, '2022-08-28 21:24:38');

-- --------------------------------------------------------

--
-- Struktur dari tabel `mst_letter_type`
--

CREATE TABLE `mst_letter_type` (
  `id` bigint(20) UNSIGNED NOT NULL,
  `name` varchar(255) COLLATE utf8mb4_unicode_ci NOT NULL,
  `disabled` tinyint(1) NOT NULL DEFAULT 0,
  `created_by` varchar(255) COLLATE utf8mb4_unicode_ci DEFAULT NULL,
  `created_at` datetime NOT NULL DEFAULT '2022-08-28 21:24:36',
  `updated_by` varchar(255) COLLATE utf8mb4_unicode_ci DEFAULT NULL,
  `updated_at` datetime DEFAULT NULL
) ENGINE=InnoDB DEFAULT CHARSET=utf8mb4 COLLATE=utf8mb4_unicode_ci;

--
-- Dumping data untuk tabel `mst_letter_type`
--

INSERT INTO `mst_letter_type` (`id`, `name`, `disabled`, `created_by`, `created_at`, `updated_by`, `updated_at`) VALUES
(1, 'Edaran', 0, 'Migrasi', '2022-08-28 21:24:38', NULL, '2022-08-28 21:24:38'),
(2, 'Intruksi', 0, 'Migrasi', '2022-08-28 21:24:38', NULL, '2022-08-28 21:24:38'),
(3, 'Jadwal Dokter Jaga', 0, 'Migrasi', '2022-08-28 21:24:38', NULL, '2022-08-28 21:24:38'),
(4, 'Pengumuman', 0, 'Migrasi', '2022-08-28 21:24:38', NULL, '2022-08-28 21:24:38'),
(5, 'Surat Keputusan', 0, 'Migrasi', '2022-08-28 21:24:38', NULL, '2022-08-28 21:24:38');

-- --------------------------------------------------------

--
-- Struktur dari tabel `mst_user`
--

CREATE TABLE `mst_user` (
  `id` bigint(20) UNSIGNED NOT NULL,
  `nik` varchar(16) COLLATE utf8mb4_unicode_ci NOT NULL,
  `full_name` varchar(255) COLLATE utf8mb4_unicode_ci NOT NULL,
  `gender` enum('l','p') COLLATE utf8mb4_unicode_ci NOT NULL,
  `birth_place` varchar(255) COLLATE utf8mb4_unicode_ci DEFAULT NULL,
  `birth_date` date DEFAULT NULL,
  `email` varchar(255) COLLATE utf8mb4_unicode_ci DEFAULT NULL,
  `phone_number` varchar(255) COLLATE utf8mb4_unicode_ci DEFAULT NULL,
  `home_number` varchar(255) COLLATE utf8mb4_unicode_ci DEFAULT NULL,
  `address` text COLLATE utf8mb4_unicode_ci DEFAULT NULL,
  `join_date` date DEFAULT NULL,
  `religion_id` int(10) UNSIGNED DEFAULT NULL,
  `position_id` int(10) UNSIGNED DEFAULT NULL,
  `disabled` tinyint(1) NOT NULL DEFAULT 0,
  `created_by` varchar(255) COLLATE utf8mb4_unicode_ci DEFAULT NULL,
  `created_at` datetime NOT NULL DEFAULT '2022-08-28 21:24:36',
  `updated_by` varchar(255) COLLATE utf8mb4_unicode_ci DEFAULT NULL,
  `updated_at` datetime DEFAULT NULL
) ENGINE=InnoDB DEFAULT CHARSET=utf8mb4 COLLATE=utf8mb4_unicode_ci;

--
-- Dumping data untuk tabel `mst_user`
--

INSERT INTO `mst_user` (`id`, `nik`, `full_name`, `gender`, `birth_place`, `birth_date`, `email`, `phone_number`, `home_number`, `address`, `join_date`, `religion_id`, `position_id`, `disabled`, `created_by`, `created_at`, `updated_by`, `updated_at`) VALUES
(1, '2022082812345', 'Developer', 'l', 'Bekasi', '1998-10-07', 'developer.pro@hotmail.com', NULL, NULL, NULL, NULL, NULL, NULL, 0, 'Migrasi', '2022-08-28 21:24:38', NULL, '2022-08-28 21:24:38'),
(2, '2022082854321', 'Administrator', 'l', 'Bekasi', '1990-10-09', 'administrator.mtd@gmail.com', NULL, NULL, NULL, NULL, NULL, NULL, 0, 'Migrasi', '2022-08-28 21:24:38', NULL, '2022-08-28 21:24:38');

-- --------------------------------------------------------

--
-- Struktur dari tabel `password_resets`
--

CREATE TABLE `password_resets` (
  `email` varchar(255) COLLATE utf8mb4_unicode_ci NOT NULL,
  `token` varchar(255) COLLATE utf8mb4_unicode_ci NOT NULL,
  `created_at` timestamp NULL DEFAULT NULL
) ENGINE=InnoDB DEFAULT CHARSET=utf8mb4 COLLATE=utf8mb4_unicode_ci;

-- --------------------------------------------------------

--
-- Struktur dari tabel `personal_access_tokens`
--

CREATE TABLE `personal_access_tokens` (
  `id` bigint(20) UNSIGNED NOT NULL,
  `tokenable_type` varchar(255) COLLATE utf8mb4_unicode_ci NOT NULL,
  `tokenable_id` bigint(20) UNSIGNED NOT NULL,
  `name` varchar(255) COLLATE utf8mb4_unicode_ci NOT NULL,
  `token` varchar(64) COLLATE utf8mb4_unicode_ci NOT NULL,
  `abilities` text COLLATE utf8mb4_unicode_ci DEFAULT NULL,
  `last_used_at` timestamp NULL DEFAULT NULL,
  `created_at` timestamp NULL DEFAULT NULL,
  `updated_at` timestamp NULL DEFAULT NULL
) ENGINE=InnoDB DEFAULT CHARSET=utf8mb4 COLLATE=utf8mb4_unicode_ci;

-- --------------------------------------------------------

--
-- Struktur dari tabel `stg_login`
--

CREATE TABLE `stg_login` (
  `id` bigint(20) UNSIGNED NOT NULL,
  `username` varchar(255) COLLATE utf8mb4_unicode_ci NOT NULL,
  `password` varchar(255) COLLATE utf8mb4_unicode_ci NOT NULL,
  `email_verified_at` timestamp NULL DEFAULT NULL,
  `remember_token` varchar(100) COLLATE utf8mb4_unicode_ci DEFAULT NULL,
  `user_id` bigint(20) UNSIGNED DEFAULT NULL,
  `disabled` tinyint(1) NOT NULL DEFAULT 0,
  `created_by` varchar(255) COLLATE utf8mb4_unicode_ci DEFAULT NULL,
  `created_at` datetime NOT NULL DEFAULT '2022-08-28 21:24:36',
  `updated_by` varchar(255) COLLATE utf8mb4_unicode_ci DEFAULT NULL,
  `updated_at` datetime DEFAULT NULL
) ENGINE=InnoDB DEFAULT CHARSET=utf8mb4 COLLATE=utf8mb4_unicode_ci;

--
-- Dumping data untuk tabel `stg_login`
--

INSERT INTO `stg_login` (`id`, `username`, `password`, `email_verified_at`, `remember_token`, `user_id`, `disabled`, `created_by`, `created_at`, `updated_by`, `updated_at`) VALUES
(1, 'developer', '$2y$10$2hj4YttRIYZ2b117zF6ht.UiegZkqUfPmtgVNi1.wdkbITRuryu4a', NULL, NULL, 1, 0, 'Migrasi', '2022-08-28 21:24:38', NULL, '2022-08-28 21:24:38'),
(2, 'admin_mtd', '$2y$10$z0a0nQ0xqTQv0KXv8Cpm.Owz/iYrg4zWnIrFsm6ULwMB9dBeDAk8.', NULL, NULL, 2, 0, 'Migrasi', '2022-08-28 21:24:38', NULL, '2022-08-28 21:24:38');

-- --------------------------------------------------------

--
-- Struktur dari tabel `stg_main_menu`
--

CREATE TABLE `stg_main_menu` (
  `id` bigint(20) UNSIGNED NOT NULL,
  `title` varchar(255) COLLATE utf8mb4_unicode_ci NOT NULL,
  `icon` varchar(255) COLLATE utf8mb4_unicode_ci DEFAULT NULL,
  `url` varchar(255) COLLATE utf8mb4_unicode_ci DEFAULT NULL,
  `parent` tinyint(1) NOT NULL DEFAULT 0,
  `disabled` tinyint(1) NOT NULL DEFAULT 0,
  `created_by` varchar(255) COLLATE utf8mb4_unicode_ci DEFAULT NULL,
  `created_at` datetime NOT NULL DEFAULT '2022-08-28 21:24:36',
  `updated_by` varchar(255) COLLATE utf8mb4_unicode_ci DEFAULT NULL,
  `updated_at` datetime DEFAULT NULL
) ENGINE=InnoDB DEFAULT CHARSET=utf8mb4 COLLATE=utf8mb4_unicode_ci;

-- --------------------------------------------------------

--
-- Struktur dari tabel `stg_menu`
--

CREATE TABLE `stg_menu` (
  `id` bigint(20) UNSIGNED NOT NULL,
  `title` varchar(255) COLLATE utf8mb4_unicode_ci NOT NULL,
  `icon` varchar(255) COLLATE utf8mb4_unicode_ci DEFAULT NULL,
  `url` varchar(255) COLLATE utf8mb4_unicode_ci DEFAULT NULL,
  `parent` tinyint(1) NOT NULL DEFAULT 0,
  `main_menu_id` int(10) UNSIGNED DEFAULT NULL,
  `disabled` tinyint(1) NOT NULL DEFAULT 0,
  `created_by` varchar(255) COLLATE utf8mb4_unicode_ci DEFAULT NULL,
  `created_at` datetime NOT NULL DEFAULT '2022-08-28 21:24:36',
  `updated_by` varchar(255) COLLATE utf8mb4_unicode_ci DEFAULT NULL,
  `updated_at` datetime DEFAULT NULL
) ENGINE=InnoDB DEFAULT CHARSET=utf8mb4 COLLATE=utf8mb4_unicode_ci;

--
-- Dumping data untuk tabel `stg_menu`
--

INSERT INTO `stg_menu` (`id`, `title`, `icon`, `url`, `parent`, `main_menu_id`, `disabled`, `created_by`, `created_at`, `updated_by`, `updated_at`) VALUES
(1, 'Home', 'lni lni-home', '/', 0, NULL, 0, 'Migrasi', '2022-08-28 21:24:38', NULL, '2022-08-28 21:24:38'),
(2, 'Manajemen Surat', 'lni lni-popup', NULL, 1, NULL, 0, 'Migrasi', '2022-08-28 21:24:38', NULL, '2022-08-28 21:24:38'),
(3, 'Master', 'lni lni-layers', NULL, 1, NULL, 0, 'Migrasi', '2022-08-28 21:24:38', NULL, '2022-08-28 21:24:38'),
(4, 'Pengaturan', 'lni lni-cog', NULL, 1, NULL, 0, 'Migrasi', '2022-08-28 21:24:38', NULL, '2022-08-28 21:24:38');

-- --------------------------------------------------------

--
-- Struktur dari tabel `stg_submenu`
--

CREATE TABLE `stg_submenu` (
  `id` bigint(20) UNSIGNED NOT NULL,
  `title` varchar(255) COLLATE utf8mb4_unicode_ci NOT NULL,
  `icon` varchar(255) COLLATE utf8mb4_unicode_ci DEFAULT NULL,
  `url` varchar(255) COLLATE utf8mb4_unicode_ci DEFAULT NULL,
  `menu_id` int(10) UNSIGNED DEFAULT NULL,
  `disabled` tinyint(1) NOT NULL DEFAULT 0,
  `created_by` varchar(255) COLLATE utf8mb4_unicode_ci DEFAULT NULL,
  `created_at` datetime NOT NULL DEFAULT '2022-08-28 21:24:36',
  `updated_by` varchar(255) COLLATE utf8mb4_unicode_ci DEFAULT NULL,
  `updated_at` datetime DEFAULT NULL
) ENGINE=InnoDB DEFAULT CHARSET=utf8mb4 COLLATE=utf8mb4_unicode_ci;

--
-- Dumping data untuk tabel `stg_submenu`
--

INSERT INTO `stg_submenu` (`id`, `title`, `icon`, `url`, `menu_id`, `disabled`, `created_by`, `created_at`, `updated_by`, `updated_at`) VALUES
(1, 'Surat Masuk', 'bx bx-download', '/manajemen/surat-masuk', 2, 0, 'Migrasi', '2022-08-28 21:24:38', NULL, '2022-08-28 21:24:38'),
(2, 'Surat Terkirim', 'bx bx-send', '/manajemen/surat-terkirim', 2, 0, 'Migrasi', '2022-08-28 21:24:38', NULL, '2022-08-28 21:24:38'),
(3, 'Surat Keluar', 'bx bx-mail-send', '/manajemen/surat-keluar', 2, 0, 'Migrasi', '2022-08-28 21:24:38', NULL, '2022-08-28 21:24:38'),
(4, 'Arsip Surat', 'bx bx-archive', '/manajemen/arsip-surat', 2, 0, 'Migrasi', '2022-08-28 21:24:38', NULL, '2022-08-28 21:24:38'),
(5, 'Sampah Surat', 'bx bx-trash', '/manajemen/sampah-surat', 2, 0, 'Migrasi', '2022-08-28 21:24:38', NULL, '2022-08-28 21:24:38'),
(6, 'Perusahaan', 'bi bi-arrow-right-short', '/master/perusahaan', 3, 0, 'Migrasi', '2022-08-28 21:24:38', NULL, '2022-08-28 21:24:38'),
(7, 'Jenis Surat', 'bi bi-arrow-right-short', '/master/jenis-surat', 3, 0, 'Migrasi', '2022-08-28 21:24:38', NULL, '2022-08-28 21:24:38'),
(8, 'Status Surat', 'bi bi-arrow-right-short', '/master/status-surat', 3, 0, 'Migrasi', '2022-08-28 21:24:38', NULL, '2022-08-28 21:24:38'),
(9, 'Bagian', 'bi bi-arrow-right-short', '/master/bagian', 3, 0, 'Migrasi', '2022-08-28 21:24:38', NULL, '2022-08-28 21:24:38'),
(10, 'Asal Surat', 'bi bi-arrow-right-short', '/master/asal-surat', 3, 0, 'Migrasi', '2022-08-28 21:24:38', NULL, '2022-08-28 21:24:38'),
(11, 'Kategori Dokumen', 'bi bi-arrow-right-short', '/master/kategori-dokumen', 3, 0, 'Migrasi', '2022-08-28 21:24:38', NULL, '2022-08-28 21:24:38'),
(12, 'Klasifikasi Surat', 'bi bi-arrow-right-short', '/master/klasifikasi-surat', 3, 0, 'Migrasi', '2022-08-28 21:24:38', NULL, '2022-08-28 21:24:38'),
(13, 'Hari Libur', 'bi bi-arrow-right-short', '/master/hari-libur', 3, 0, 'Migrasi', '2022-08-28 21:24:38', NULL, '2022-08-28 21:24:38'),
(14, 'Kelurahan/Desa', 'bi bi-arrow-right-short', '/master/kelurahan', 3, 0, 'Migrasi', '2022-08-28 21:24:38', NULL, '2022-08-28 21:24:38'),
(15, 'Kecamatan', 'bi bi-arrow-right-short', '/master/kecamatan', 3, 0, 'Migrasi', '2022-08-28 21:24:38', NULL, '2022-08-28 21:24:38'),
(16, 'Kota', 'bi bi-arrow-right-short', '/master/kota', 3, 0, 'Migrasi', '2022-08-28 21:24:38', NULL, '2022-08-28 21:24:38'),
(17, 'Provinsi', 'bi bi-arrow-right-short', '/master/provinsi', 3, 0, 'Migrasi', '2022-08-28 21:24:38', NULL, '2022-08-28 21:24:38'),
(18, 'Negara', 'bi bi-arrow-right-short', '/master/negara', 3, 0, 'Migrasi', '2022-08-28 21:24:38', NULL, '2022-08-28 21:24:38'),
(19, 'Provider', 'bi bi-building', '/pengaturan/provider', 4, 0, 'Migrasi', '2022-08-28 21:24:38', NULL, '2022-08-28 21:24:38'),
(20, 'Bahasa', 'lni lni-library', '/pengaturan/bahasa', 4, 0, 'Migrasi', '2022-08-28 21:24:38', NULL, '2022-08-28 21:24:38'),
(21, 'FAQ', 'bi bi-exclamation-triangle', '/pengaturan/faq', 4, 0, 'Migrasi', '2022-08-28 21:24:38', NULL, '2022-08-28 21:24:38'),
(22, 'Dokumentasi', 'bi bi-file-earmark-code', '/pengaturan/dokumentasi', 4, 0, 'Migrasi', '2022-08-28 21:24:38', NULL, '2022-08-28 21:24:38');

-- --------------------------------------------------------

--
-- Struktur dari tabel `users`
--

CREATE TABLE `users` (
  `id` bigint(20) UNSIGNED NOT NULL,
  `name` varchar(255) COLLATE utf8mb4_unicode_ci NOT NULL,
  `email` varchar(255) COLLATE utf8mb4_unicode_ci NOT NULL,
  `email_verified_at` timestamp NULL DEFAULT NULL,
  `password` varchar(255) COLLATE utf8mb4_unicode_ci NOT NULL,
  `remember_token` varchar(100) COLLATE utf8mb4_unicode_ci DEFAULT NULL,
  `created_at` timestamp NULL DEFAULT NULL,
  `updated_at` timestamp NULL DEFAULT NULL
) ENGINE=InnoDB DEFAULT CHARSET=utf8mb4 COLLATE=utf8mb4_unicode_ci;

--
-- Indexes for dumped tables
--

--
-- Indeks untuk tabel `failed_jobs`
--
ALTER TABLE `failed_jobs`
  ADD PRIMARY KEY (`id`),
  ADD UNIQUE KEY `failed_jobs_uuid_unique` (`uuid`);

--
-- Indeks untuk tabel `migrations`
--
ALTER TABLE `migrations`
  ADD PRIMARY KEY (`id`);

--
-- Indeks untuk tabel `mst_company`
--
ALTER TABLE `mst_company`
  ADD PRIMARY KEY (`id`),
  ADD UNIQUE KEY `mst_company_code_unique` (`code`);

--
-- Indeks untuk tabel `mst_department`
--
ALTER TABLE `mst_department`
  ADD PRIMARY KEY (`id`);

--
-- Indeks untuk tabel `mst_letter_status`
--
ALTER TABLE `mst_letter_status`
  ADD PRIMARY KEY (`id`);

--
-- Indeks untuk tabel `mst_letter_type`
--
ALTER TABLE `mst_letter_type`
  ADD PRIMARY KEY (`id`);

--
-- Indeks untuk tabel `mst_user`
--
ALTER TABLE `mst_user`
  ADD PRIMARY KEY (`id`),
  ADD UNIQUE KEY `mst_user_nik_unique` (`nik`),
  ADD UNIQUE KEY `mst_user_email_unique` (`email`),
  ADD UNIQUE KEY `mst_user_phone_number_unique` (`phone_number`),
  ADD UNIQUE KEY `mst_user_home_number_unique` (`home_number`);

--
-- Indeks untuk tabel `password_resets`
--
ALTER TABLE `password_resets`
  ADD KEY `password_resets_email_index` (`email`);

--
-- Indeks untuk tabel `personal_access_tokens`
--
ALTER TABLE `personal_access_tokens`
  ADD PRIMARY KEY (`id`),
  ADD UNIQUE KEY `personal_access_tokens_token_unique` (`token`),
  ADD KEY `personal_access_tokens_tokenable_type_tokenable_id_index` (`tokenable_type`,`tokenable_id`);

--
-- Indeks untuk tabel `stg_login`
--
ALTER TABLE `stg_login`
  ADD PRIMARY KEY (`id`),
  ADD UNIQUE KEY `stg_login_username_unique` (`username`);

--
-- Indeks untuk tabel `stg_main_menu`
--
ALTER TABLE `stg_main_menu`
  ADD PRIMARY KEY (`id`);

--
-- Indeks untuk tabel `stg_menu`
--
ALTER TABLE `stg_menu`
  ADD PRIMARY KEY (`id`);

--
-- Indeks untuk tabel `stg_submenu`
--
ALTER TABLE `stg_submenu`
  ADD PRIMARY KEY (`id`);

--
-- Indeks untuk tabel `users`
--
ALTER TABLE `users`
  ADD PRIMARY KEY (`id`),
  ADD UNIQUE KEY `users_email_unique` (`email`);

--
-- AUTO_INCREMENT untuk tabel yang dibuang
--

--
-- AUTO_INCREMENT untuk tabel `failed_jobs`
--
ALTER TABLE `failed_jobs`
  MODIFY `id` bigint(20) UNSIGNED NOT NULL AUTO_INCREMENT;

--
-- AUTO_INCREMENT untuk tabel `migrations`
--
ALTER TABLE `migrations`
  MODIFY `id` int(10) UNSIGNED NOT NULL AUTO_INCREMENT, AUTO_INCREMENT=14;

--
-- AUTO_INCREMENT untuk tabel `mst_company`
--
ALTER TABLE `mst_company`
  MODIFY `id` bigint(20) UNSIGNED NOT NULL AUTO_INCREMENT, AUTO_INCREMENT=6;

--
-- AUTO_INCREMENT untuk tabel `mst_department`
--
ALTER TABLE `mst_department`
  MODIFY `id` bigint(20) UNSIGNED NOT NULL AUTO_INCREMENT, AUTO_INCREMENT=480;

--
-- AUTO_INCREMENT untuk tabel `mst_letter_status`
--
ALTER TABLE `mst_letter_status`
  MODIFY `id` bigint(20) UNSIGNED NOT NULL AUTO_INCREMENT, AUTO_INCREMENT=4;

--
-- AUTO_INCREMENT untuk tabel `mst_letter_type`
--
ALTER TABLE `mst_letter_type`
  MODIFY `id` bigint(20) UNSIGNED NOT NULL AUTO_INCREMENT, AUTO_INCREMENT=6;

--
-- AUTO_INCREMENT untuk tabel `mst_user`
--
ALTER TABLE `mst_user`
  MODIFY `id` bigint(20) UNSIGNED NOT NULL AUTO_INCREMENT, AUTO_INCREMENT=3;

--
-- AUTO_INCREMENT untuk tabel `personal_access_tokens`
--
ALTER TABLE `personal_access_tokens`
  MODIFY `id` bigint(20) UNSIGNED NOT NULL AUTO_INCREMENT;

--
-- AUTO_INCREMENT untuk tabel `stg_login`
--
ALTER TABLE `stg_login`
  MODIFY `id` bigint(20) UNSIGNED NOT NULL AUTO_INCREMENT, AUTO_INCREMENT=3;

--
-- AUTO_INCREMENT untuk tabel `stg_main_menu`
--
ALTER TABLE `stg_main_menu`
  MODIFY `id` bigint(20) UNSIGNED NOT NULL AUTO_INCREMENT;

--
-- AUTO_INCREMENT untuk tabel `stg_menu`
--
ALTER TABLE `stg_menu`
  MODIFY `id` bigint(20) UNSIGNED NOT NULL AUTO_INCREMENT, AUTO_INCREMENT=5;

--
-- AUTO_INCREMENT untuk tabel `stg_submenu`
--
ALTER TABLE `stg_submenu`
  MODIFY `id` bigint(20) UNSIGNED NOT NULL AUTO_INCREMENT, AUTO_INCREMENT=23;

--
-- AUTO_INCREMENT untuk tabel `users`
--
ALTER TABLE `users`
  MODIFY `id` bigint(20) UNSIGNED NOT NULL AUTO_INCREMENT;
COMMIT;

/*!40101 SET CHARACTER_SET_CLIENT=@OLD_CHARACTER_SET_CLIENT */;
/*!40101 SET CHARACTER_SET_RESULTS=@OLD_CHARACTER_SET_RESULTS */;
/*!40101 SET COLLATION_CONNECTION=@OLD_COLLATION_CONNECTION */;
